Season_year,Season_div,OPP,Result,T Score,O Score,MIN,FG,FGM,FGA,FG%,3PT,3PTM,3PTA,3P%,FT,FTM,FTA,FT%,REB,AST,BLK,STL,PF,TO,PTS,Date
2009-2010,Regular,POR,W,122,116,48,13-25,13,25,52,4-6,4,6,66.7,12-12,12,12,100,9,8,1,2,0,2,42,14/4/2010
2009-2010,Regular,UTA,L,94,103,41,5-15,5,15,33.3,1-4,1,4,25,6-6,6,6,100,5,6,0,2,4,2,17,13/4/2010
2009-2010,Regular,OKC,W,120,117,35,9-16,9,16,56.3,3-6,3,6,50,4-6,4,6,66.7,7,7,0,1,2,5,25,11/4/2010
2009-2010,Regular,LAC,L,104,107,41,10-19,10,19,52.6,5-10,5,10,50,4-4,4,4,100,9,4,0,3,5,3,29,10/4/2010
2009-2010,Regular,MIN,W,116,107,44,12-22,12,22,54.5,3-5,3,5,60,0-0,0,0,0,8,14,0,7,4,4,27,7/4/2010
2009-2010,Regular,WSH,L,94,112,33,10-21,10,21,47.6,3-6,3,6,50,4-4,4,4,100,1,4,0,2,2,2,27,6/4/2010
2009-2010,Regular,TOR,W,113,112,44,10-23,10,23,43.5,5-11,5,11,45.5,4-6,4,6,66.7,8,12,2,3,4,5,29,4/4/2010
2009-2010,Regular,NYK,W,128,117,29,7-21,7,21,33.3,1-5,1,5,20,0-0,0,0,0,4,10,0,1,1,2,15,2/4/2010
2009-2010,Regular,UTA,L,104,128,34,6-16,6,16,37.5,1-4,1,4,25,2-3,2,3,66.7,2,6,0,0,5,4,15,31/3/2010
2009-2010,Regular,LAC,W,121,103,40,8-15,8,15,53.3,2-2,2,2,100,0-0,0,0,0,4,7,0,1,5,3,18,28/3/2010
2009-2010,Regular,DAL,L,90,111,37,6-16,6,16,37.5,3-5,3,5,60,2-2,2,2,100,7,6,0,2,1,7,17,27/3/2010
2009-2010,Regular,MEM,W,128,110,40,12-19,12,19,63.2,4-6,4,6,66.7,2-2,2,2,100,5,11,0,4,3,7,30,24/3/2010
2009-2010,Regular,PHX,L,131,133,34,6-15,6,15,40,2-5,2,5,40,0-0,0,0,0,4,8,0,4,4,1,14,22/3/2010
2009-2010,Regular,MEM,L,107,123,25,4-10,4,10,40,1-3,1,3,33.3,0-0,0,0,0,4,6,1,0,2,2,9,20/3/2010
2009-2010,Regular,LAL,L,121,124,34,11-19,11,19,57.9,5-9,5,9,55.6,2-2,2,2,100,5,9,0,1,4,0,29,15/3/2010
2009-2010,Regular,TOR,W,124,112,42,13-21,13,21,61.9,5-8,5,8,62.5,4-4,4,4,100,6,10,1,4,1,2,35,13/3/2010
2009-2010,Regular,POR,L,105,110,33,6-15,6,15,40,2-7,2,7,28.6,1-1,1,1,100,5,3,0,2,5,4,15,11/3/2010
2009-2010,Regular,NOP,L,131,135,34,5-13,5,13,38.5,2-4,2,4,50,0-0,0,0,0,3,6,0,1,2,4,12,8/3/2010
2009-2010,Regular,CHA,L,90,101,48,8-23,8,23,34.8,4-8,4,8,50,5-6,5,6,83.3,5,4,0,0,1,3,25,6/3/2010
2009-2010,Regular,ATL,L,122,127,48,11-19,11,19,57.9,5-9,5,9,55.6,4-4,4,4,100,5,11,0,2,1,7,31,5/3/2010
2009-2010,Regular,ORL,L,90,117,32,3-12,3,12,25,1-2,1,2,50,2-2,2,2,100,3,7,0,2,2,5,9,3/3/2010
2009-2010,Regular,MIA,L,106,110,43,7-17,7,17,41.2,3-8,3,8,37.5,1-1,1,1,100,2,8,0,2,5,3,18,2/3/2010
2009-2010,Regular,DET,W,95,88,48,11-25,11,25,44,3-6,3,6,50,2-3,2,3,66.7,5,4,0,1,4,5,27,27/2/2010
2009-2010,Regular,DEN,L,112,127,42,11-19,11,19,57.9,2-5,2,5,40,6-6,6,6,100,7,13,1,2,1,2,30,25/2/2010
2009-2010,Regular,PHI,L,102,110,38,8-22,8,22,36.4,1-8,1,8,12.5,0-1,0,1,0,6,5,0,0,2,2,17,23/2/2010
2009-2010,Regular,ATL,W,108,104,45,13-18,13,18,72.2,1-3,1,3,33.3,5-5,5,5,100,9,3,0,1,3,5,32,21/2/2010
2009-2010,Regular,UTA,L,89,100,39,4-9,4,9,44.4,3-6,3,6,50,2-2,2,2,100,6,7,0,3,1,10,13,19/2/2010
2009-2010,Regular,SAC,W,130,98,40,10-15,10,15,66.7,1-4,1,4,25,3-3,3,3,100,6,15,0,3,2,3,24,17/2/2010
2009-2010,Regular,LAL,L,94,104,44,5-21,5,21,23.8,1-10,1,10,10,0-0,0,0,0,10,8,0,1,5,4,11,16/2/2010
2009-2010,Regular,LAC,W,132,102,46,11-22,11,22,50,7-11,7,11,63.6,7-8,7,8,87.5,10,13,0,3,4,6,36,10/2/2010
2009-2010,Regular,DAL,L,117,127,48,9-20,9,20,45,1-5,1,5,20,6-6,6,6,100,2,9,0,2,4,3,25,8/2/2010
2009-2010,Regular,OKC,L,95,104,27,9-15,9,15,60,3-7,3,7,42.9,2-3,2,3,66.7,1,4,0,2,3,3,23,6/2/2010
2009-2010,Regular,DAL,L,101,110,27,1-6,1,6,16.7,0-2,0,2,0,4-4,4,4,100,0,3,0,0,2,3,6,3/2/2010
2009-2010,Regular,HOU,L,97,119,30,6-18,6,18,33.3,2-5,2,5,40,0-0,0,0,0,2,4,0,1,1,0,14,2/2/2010
2009-2010,Regular,OKC,L,104,112,36,4-10,4,10,40,2-2,2,2,100,4-4,4,4,100,4,5,0,1,2,5,14,31/1/2010
2009-2010,Regular,CHA,L,110,121,41,8-15,8,15,53.3,2-4,2,4,50,4-4,4,4,100,1,9,0,3,3,1,22,29/1/2010
2009-2010,Regular,NOP,L,110,123,41,7-13,7,13,53.8,1-3,1,3,33.3,0-0,0,0,0,5,8,0,3,4,5,15,27/1/2010
2009-2010,Regular,SAC,L,96,99,45,10-22,10,22,45.5,3-10,3,10,30,4-5,4,5,80,9,6,0,3,3,1,27,26/1/2010
2009-2010,Regular,PHX,L,103,112,40,10-25,10,25,40,4-9,4,9,44.4,1-1,1,1,100,5,2,0,0,4,1,25,23/1/2010
2009-2010,Regular,BKN,W,111,79,48,11-21,11,21,52.4,3-7,3,7,42.9,7-8,7,8,87.5,2,7,0,4,4,2,32,22/1/2010
2009-2010,Regular,DEN,L,118,123,49,6-17,6,17,35.3,3-8,3,8,37.5,0-0,0,0,0,3,6,0,1,2,3,15,20/1/2010
2009-2010,Regular,CHI,W,114,97,43,9-18,9,18,50,5-8,5,8,62.5,3-3,3,3,100,10,6,1,1,4,5,26,18/1/2010
2009-2010,Regular,MIL,L,104,113,48,7-17,7,17,41.2,1-4,1,4,25,3-3,3,3,100,6,4,1,6,6,4,18,15/1/2010
2009-2010,Regular,MIA,L,102,115,33,3-10,3,10,30,3-5,3,5,60,0-0,0,0,0,4,4,0,0,1,4,9,13/1/2010
2009-2010,Regular,CLE,L,114,117,36,8-15,8,15,53.3,1-2,1,2,50,4-5,4,5,80,7,5,1,1,4,2,21,11/1/2010
2009-2010,Regular,SAC,W,108,101,34,5-10,5,10,50,1-2,1,2,50,1-2,1,2,50,3,4,0,1,3,2,12,8/1/2010
2009-2010,Regular,MIN,W,107,101,30,7-11,7,11,63.6,0-2,0,2,0,2-2,2,2,100,1,4,0,2,6,1,16,6/1/2010
2009-2010,Regular,DEN,L,122,123,40,10-13,10,13,76.9,6-6,6,6,100,0-0,0,0,0,5,6,0,3,3,2,26,5/1/2010
2009-2010,Regular,POR,L,89,105,29,4-10,4,10,40,1-2,1,2,50,0-0,0,0,0,1,1,0,1,4,3,9,2/1/2010
2009-2010,Regular,LAL,L,118,124,23,6-10,6,10,60,0-1,0,1,0,3-3,3,3,100,3,3,0,0,3,4,15,29/12/2009
2009-2010,Regular,BOS,W,103,99,11,0-4,0,4,0,0-1,0,1,0,0-1,0,1,0,2,0,0,1,3,1,0,28/12/2009
2009-2010,Regular,PHX,W,132,127,27,4-10,4,10,40,3-4,3,4,75,2-2,2,2,100,3,4,0,3,4,1,13,26/12/2009
2009-2010,Regular,NOP,L,102,108,47,6-13,6,13,46.2,3-5,3,5,60,2-2,2,2,100,10,7,0,2,5,2,17,23/12/2009
2009-2010,Regular,MEM,L,108,121,41,6-15,6,15,40,2-6,2,6,33.3,0-0,0,0,0,7,8,0,0,2,4,14,22/12/2009
2009-2010,Regular,WSH,L,109,118,46,9-17,9,17,52.9,5-9,5,9,55.6,4-4,4,4,100,8,4,0,3,4,2,27,18/12/2009
2009-2010,Regular,SAS,L,91,103,25,4-11,4,11,36.4,0-2,0,2,0,0-0,0,0,0,4,3,0,4,5,1,8,16/12/2009
2009-2010,Regular,PHI,L,101,117,36,5-13,5,13,38.5,1-4,1,4,25,3-4,3,4,75,4,4,1,4,5,4,14,14/12/2009
2009-2010,Regular,DET,L,95,104,38,5-10,5,10,50,3-4,3,4,75,6-6,6,6,100,2,4,1,4,4,4,19,12/12/2009
2009-2010,Regular,CHI,L,91,96,27,3-9,3,9,33.3,0-3,0,3,0,0-0,0,0,0,3,1,0,1,0,0,6,11/12/2009
2009-2010,Regular,BKN,W,105,89,30,6-13,6,13,46.2,1-4,1,4,25,1-2,1,2,50,4,4,0,3,4,4,14,9/12/2009
2009-2010,Regular,OKC,L,88,104,36,9-14,9,14,64.3,2-4,2,4,50,2-2,2,2,100,4,2,0,4,5,5,22,7/12/2009
2009-2010,Regular,ORL,L,118,126,46,6-12,6,12,50,0-2,0,2,0,1-1,1,1,100,3,3,0,1,4,3,13,5/12/2009
2009-2010,Regular,HOU,L,109,111,32,4-8,4,8,50,1-3,1,3,33.3,2-2,2,2,100,5,2,1,2,3,4,11,3/12/2009
2009-2010,Regular,DEN,L,107,135,41,4-14,4,14,28.6,2-6,2,6,33.3,0-0,0,0,0,4,6,2,2,2,1,10,1/12/2009
2009-2010,Regular,IND,W,126,107,20,2-5,2,5,40,1-2,1,2,50,2-2,2,2,100,2,4,0,3,2,2,7,30/11/2009
2009-2010,Regular,LAL,L,97,130,36,5-15,5,15,33.3,1-5,1,5,20,2-2,2,2,100,4,8,0,0,0,1,13,28/11/2009
2009-2010,Regular,SAS,L,104,118,34,5-16,5,16,31.3,1-4,1,4,25,0-0,0,0,0,7,5,2,1,3,6,11,25/11/2009
2009-2010,Regular,DAL,W,111,103,35,6-12,6,12,50,2-4,2,4,50,4-4,4,4,100,4,6,0,3,5,4,18,24/11/2009
2009-2010,Regular,POR,W,108,94,46,3-9,3,9,33.3,2-3,2,3,66.7,4-5,4,5,80,6,8,1,1,6,1,12,20/11/2009
2009-2010,Regular,BOS,L,95,109,35,4-10,4,10,40,1-4,1,4,25,4-4,4,4,100,0,7,0,4,3,6,13,18/11/2009
2009-2010,Regular,CLE,L,108,114,41,6-10,6,10,60,2-6,2,6,33.3,0-1,0,1,0,5,7,0,0,2,3,14,17/11/2009
2009-2010,Regular,MIL,L,125,129,26,6-9,6,9,66.7,2-2,2,2,100,0-0,0,0,0,4,2,1,2,5,1,14,14/11/2009
2009-2010,Regular,NYK,W,121,107,3,0-0,0,0,0,0-0,0,0,0,0-0,0,0,0,0,0,1,0,1,0,0,13/11/2009
2009-2010,Regular,IND,L,94,108,21,3-7,3,7,42.9,0-2,0,2,0,0-0,0,0,0,1,4,0,1,2,3,6,11/11/2009
2009-2010,Regular,MIN,W,146,105,30,2-8,2,8,25,1-2,1,2,50,3-4,3,4,75,2,5,0,1,1,2,8,9/11/2009
2009-2010,Regular,SAC,L,107,120,31,4-8,4,8,50,1-2,1,2,50,0-2,0,2,0,4,6,0,0,4,5,9,8/11/2009
2009-2010,Regular,LAC,L,90,118,22,1-5,1,5,20,0-1,0,1,0,3-4,3,4,75,1,3,0,0,6,0,5,6/11/2009
2009-2010,Regular,MEM,W,113,105,28,3-6,3,6,50,1-2,1,2,50,0-0,0,0,0,5,9,0,2,4,1,7,4/11/2009
2009-2010,Regular,PHX,L,101,123,39,5-9,5,9,55.6,2-3,2,3,66.7,0-0,0,0,0,2,4,0,1,5,3,12,30/10/2009
2009-2010,Regular,HOU,L,107,108,36,7-12,7,12,58.3,0-1,0,1,0,0-0,0,0,0,2,7,0,4,2,2,14,28/10/2009
2010-2011,Regular,POR,W,110,86,24,7-11,7,11,63.6,2-4,2,4,50,2-2,2,2,100,3,9,0,0,4,1,18,13/4/2011
2010-2011,Regular,DEN,L,111,134,36,10-13,10,13,76.9,3-4,3,4,75,4-4,4,4,100,5,5,0,0,1,5,27,11/4/2011
2010-2011,Regular,SAC,L,103,104,32,11-17,11,17,64.7,3-6,3,6,50,2-2,2,2,100,6,8,0,1,4,3,27,10/4/2011
2010-2011,Regular,LAL,W,95,87,42,8-23,8,23,34.8,2-6,2,6,33.3,2-2,2,2,100,6,5,0,2,3,2,20,6/4/2011
2010-2011,Regular,POR,W,108,87,42,10-21,10,21,47.6,3-5,3,5,60,5-6,5,6,83.3,8,4,1,2,2,2,28,5/4/2011
2010-2011,Regular,DAL,W,99,92,32,3-8,3,8,37.5,1-3,1,3,33.3,5-5,5,5,100,4,8,0,2,5,3,12,2/4/2011
2010-2011,Regular,MEM,L,91,110,31,2-14,2,14,14.3,1-6,1,6,16.7,1-1,1,1,100,6,9,0,1,4,6,6,30/3/2011
2010-2011,Regular,OKC,L,114,115,49,13-23,13,23,56.5,5-8,5,8,62.5,4-4,4,4,100,6,5,0,2,3,6,35,29/3/2011
2010-2011,Regular,WSH,W,114,104,28,3-11,3,11,27.3,1-4,1,4,25,3-3,3,3,100,5,4,1,1,5,5,10,27/3/2011
2010-2011,Regular,TOR,W,138,100,36,7-13,7,13,53.8,4-6,4,6,66.7,5-5,5,5,100,3,8,0,0,2,3,23,25/3/2011
2010-2011,Regular,HOU,L,112,131,30,7-16,7,16,43.8,2-3,2,3,66.7,0-0,0,0,0,6,6,0,1,4,4,16,23/3/2011
2010-2011,Regular,SAS,L,96,111,20,3-8,3,8,37.5,1-2,1,2,50,1-1,1,1,100,0,2,0,0,4,1,8,21/3/2011
2010-2011,Regular,DAL,L,73,101,31,4-12,4,12,33.3,1-3,1,3,33.3,2-3,2,3,66.7,6,6,0,0,4,2,11,20/3/2011
2010-2011,Regular,PHX,L,97,108,35,6-13,6,13,46.2,2-5,2,5,40,1-1,1,1,100,2,5,0,0,3,2,15,18/3/2011
2010-2011,Regular,DAL,L,106,112,32,4-10,4,10,40,2-4,2,4,50,0-1,0,1,0,0,5,0,1,2,3,10,16/3/2011
2010-2011,Regular,SAC,L,119,129,24,7-14,7,14,50,5-8,5,8,62.5,0-0,0,0,0,3,1,1,1,1,3,19,14/3/2011
2010-2011,Regular,MIN,W,100,77,38,8-15,8,15,53.3,4-6,4,6,66.7,4-4,4,4,100,9,6,0,2,2,1,24,13/3/2011
2010-2011,Regular,ORL,W,123,120,40,8-19,8,19,42.1,4-10,4,10,40,2-2,2,2,100,4,12,0,3,4,5,22,11/3/2011
2010-2011,Regular,BKN,L,90,94,30,6-15,6,15,40,2-4,2,4,50,1-1,1,1,100,3,3,0,2,3,3,15,9/3/2011
2010-2011,Regular,CLE,W,95,85,39,10-18,10,18,55.6,2-5,2,5,40,1-1,1,1,100,7,6,1,2,3,3,23,8/3/2011
2010-2011,Regular,PHI,L,117,125,35,8-16,8,16,50,1-3,1,3,33.3,5-5,5,5,100,1,7,2,0,3,4,22,6/3/2011
2010-2011,Regular,BOS,L,103,107,32,4-11,4,11,36.4,1-4,1,4,25,0-0,0,0,0,3,5,0,0,3,4,9,4/3/2011
2010-2011,Regular,WSH,W,106,102,37,9-18,9,18,50,3-7,3,7,42.9,8-9,8,9,88.9,9,5,0,1,2,3,29,2/3/2011
2010-2011,Regular,IND,L,100,109,35,7-17,7,17,41.2,4-8,4,8,50,2-2,2,2,100,6,7,1,0,5,5,20,1/3/2011
2010-2011,Regular,MIN,L,123,126,45,13-21,13,21,61.9,5-7,5,7,71.4,2-2,2,2,100,11,2,0,2,1,2,33,27/2/2011
2010-2011,Regular,ATL,L,79,95,30,2-7,2,7,28.6,0-2,0,2,0,3-3,3,3,100,2,5,0,0,1,3,7,25/2/2011
2010-2011,Regular,BOS,L,93,115,30,7-10,7,10,70,1-2,1,2,50,3-5,3,5,60,4,2,0,1,4,5,18,22/2/2011
2010-2011,Regular,UTA,W,107,100,22,1-7,1,7,14.3,0-3,0,3,0,2-2,2,2,100,0,4,0,2,5,1,4,16/2/2011
2010-2011,Regular,NOP,W,102,89,24,5-5,5,5,100,3-3,3,3,100,1-1,1,1,100,0,8,0,1,3,3,14,15/2/2011
2010-2011,Regular,OKC,W,100,94,38,10-18,10,18,55.6,2-5,2,5,40,1-1,1,1,100,2,13,0,2,2,0,23,13/2/2011
2010-2011,Regular,PHX,L,88,112,25,5-9,5,9,55.6,2-3,2,3,66.7,0-0,0,0,0,2,2,0,1,0,4,12,10/2/2011
2010-2011,Regular,DEN,W,116,114,29,5-9,5,9,55.6,1-3,1,3,33.3,2-2,2,2,100,1,2,0,0,4,3,13,9/2/2011
2010-2011,Regular,PHX,L,92,104,44,7-17,7,17,41.2,0-6,0,6,0,1-1,1,1,100,2,8,0,1,1,5,15,7/2/2011
2010-2011,Regular,CHI,W,101,90,44,9-15,9,15,60,2-4,2,4,50,3-3,3,3,100,6,8,0,1,1,2,23,5/2/2011
2010-2011,Regular,MIL,W,100,94,34,6-11,6,11,54.5,2-4,2,4,50,2-2,2,2,100,5,5,1,1,2,7,16,3/2/2011
2010-2011,Regular,UTA,W,96,81,35,10-18,10,18,55.6,3-8,3,8,37.5,4-4,4,4,100,6,7,1,2,2,2,27,30/1/2011
2010-2011,Regular,CHA,L,113,121,43,8-12,8,12,66.7,4-5,4,5,80,7-7,7,7,100,3,5,0,2,5,3,27,28/1/2011
2010-2011,Regular,NOP,L,103,112,39,8-13,8,13,61.5,1-3,1,3,33.3,3-3,3,3,100,3,6,0,2,1,5,20,26/1/2011
2010-2011,Regular,SAS,L,102,113,36,6-15,6,15,40,2-5,2,5,40,0-0,0,0,0,6,5,1,0,4,4,14,24/1/2011
2010-2011,Regular,LAC,L,109,113,41,12-23,12,23,52.2,3-9,3,9,33.3,5-5,5,5,100,6,8,1,1,5,2,32,22/1/2011
2010-2011,Regular,SAC,W,119,112,44,12-21,12,21,57.1,3-7,3,7,42.9,7-7,7,7,100,3,3,0,4,2,4,34,21/1/2011
2010-2011,Regular,IND,W,110,108,33,4-10,4,10,40,0-3,0,3,0,3-3,3,3,100,4,8,0,2,1,1,11,19/1/2011
2010-2011,Regular,BKN,W,109,100,23,4-10,4,10,40,2-5,2,5,40,3-4,3,4,75,2,6,1,0,4,2,13,17/1/2011
2010-2011,Regular,LAC,W,122,112,27,7-15,7,15,46.7,5-7,5,7,71.4,4-4,4,4,100,4,4,0,1,2,2,23,14/1/2011
2010-2011,Regular,LAL,L,110,115,38,5-12,5,12,41.7,1-6,1,6,16.7,4-4,4,4,100,4,10,0,2,3,3,15,12/1/2011
2010-2011,Regular,LAC,L,91,105,26,2-13,2,13,15.4,0-6,0,6,0,4-5,4,5,80,5,4,0,1,4,2,8,9/1/2011
2010-2011,Regular,CLE,W,116,98,25,4-7,4,7,57.1,3-4,3,4,75,4-4,4,4,100,2,4,1,2,2,0,15,7/1/2011
2010-2011,Regular,NOP,W,110,103,40,6-11,6,11,54.5,1-3,1,3,33.3,8-8,8,8,100,3,5,0,4,3,2,21,5/1/2011
2010-2011,Regular,ORL,L,90,110,35,5-13,5,13,38.5,3-6,3,6,50,2-2,2,2,100,6,5,0,2,3,5,15,3/1/2011
2010-2011,Regular,MIA,L,107,114,36,7-12,7,12,58.3,1-2,1,2,50,0-0,0,0,0,2,6,0,3,5,1,15,1/1/2011
2010-2011,Regular,CHA,W,96,95,36,10-17,10,17,58.8,4-5,4,5,80,0-0,0,0,0,1,3,0,1,3,3,24,31/12/2010
2010-2011,Regular,ATL,L,93,103,29,4-13,4,13,30.8,0-3,0,3,0,1-1,1,1,100,5,12,0,0,2,3,9,29/12/2010
2010-2011,Regular,PHI,W,110,95,28,5-13,5,13,38.5,4-6,4,6,66.7,3-3,3,3,100,5,8,0,1,5,2,17,27/12/2010
2010-2011,Regular,POR,W,109,102,29,2-15,2,15,13.3,0-5,0,5,0,0-0,0,0,0,4,11,0,0,2,2,4,25/12/2010
2010-2011,Regular,SAS,L,94,111,11,0-2,0,2,0,0-0,0,0,0,0-0,0,0,0,1,3,0,0,2,2,0,8/12/2010
2010-2011,Regular,DAL,L,100,105,42,8-16,8,16,50,3-5,3,5,60,2-2,2,2,100,6,4,0,2,2,6,21,7/12/2010
2010-2011,Regular,OKC,L,109,114,46,14-20,14,20,70,4-7,4,7,57.1,7-7,7,7,100,1,6,1,2,5,5,39,5/12/2010
2010-2011,Regular,PHX,L,101,107,34,4-10,4,10,40,1-3,1,3,33.3,0-0,0,0,0,1,7,0,4,4,4,9,2/12/2010
2010-2011,Regular,SAS,L,98,118,40,13-22,13,22,59.1,3-6,3,6,50,3-3,3,3,100,3,5,1,1,2,5,32,30/11/2010
2010-2011,Regular,MIN,W,104,94,28,6-10,6,10,60,2-3,2,3,66.7,6-7,6,7,85.7,3,7,0,3,5,1,20,27/11/2010
2010-2011,Regular,MEM,L,111,116,30,8-13,8,13,61.5,4-5,4,5,80,6-6,6,6,100,2,4,0,1,5,3,26,26/11/2010
2010-2011,Regular,HOU,L,101,111,36,8-19,8,19,42.1,0-2,0,2,0,5-5,5,5,100,4,6,0,4,6,1,21,24/11/2010
2010-2011,Regular,DEN,L,89,106,41,8-21,8,21,38.1,1-6,1,6,16.7,0-0,0,0,0,7,5,0,3,3,2,17,22/11/2010
2010-2011,Regular,LAL,L,89,117,24,5-10,5,10,50,1-3,1,3,33.3,2-2,2,2,100,3,2,2,1,3,0,13,21/11/2010
2010-2011,Regular,NYK,L,119,125,42,9-21,9,21,42.9,3-6,3,6,50,8-9,8,9,88.9,5,8,0,1,4,4,29,19/11/2010
2010-2011,Regular,DET,W,101,97,30,7-14,7,14,50,2-3,2,3,66.7,5-5,5,5,100,5,4,0,2,6,3,21,15/11/2010
2010-2011,Regular,MIL,L,72,79,30,3-14,3,14,21.4,0-3,0,3,0,1-2,1,2,50,2,4,1,3,5,2,7,13/11/2010
2010-2011,Regular,CHI,L,90,120,31,7-18,7,18,38.9,2-5,2,5,40,1-2,1,2,50,3,6,0,5,2,5,17,11/11/2010
2010-2011,Regular,NYK,W,122,117,45,11-20,11,20,55,1-1,1,1,100,2-3,2,3,66.7,6,8,1,2,4,2,25,10/11/2010
2010-2011,Regular,TOR,W,109,102,36,12-21,12,21,57.1,2-4,2,4,50,8-8,8,8,100,5,4,0,3,2,5,34,8/11/2010
2010-2011,Regular,DET,L,97,102,29,3-12,3,12,25,0-3,0,3,0,4-4,4,4,100,4,6,0,2,4,2,10,7/11/2010
2010-2011,Regular,UTA,W,85,78,33,7-17,7,17,41.2,1-4,1,4,25,5-5,5,5,100,1,6,0,2,5,5,20,5/11/2010
2010-2011,Regular,LAC,W,109,91,27,7-9,7,9,77.8,1-3,1,3,33.3,1-3,1,3,33.3,2,6,0,2,2,2,16,29/10/2010
2010-2011,Regular,HOU,W,132,128,39,9-16,9,16,56.3,3-6,3,6,50,4-4,4,4,100,2,11,1,0,4,5,25,27/10/2010
2011-2012,Regular,LAC,W,97,93,9,0-3,0,3,0,0-1,0,1,0,0-0,0,0,0,3,1,0,0,0,1,0,11/3/2012
2011-2012,Regular,DAL,W,111,87,16,4-7,4,7,57.1,2-4,2,4,50,0-0,0,0,0,2,2,0,1,0,3,10,10/3/2012
2011-2012,Regular,MEM,L,92,110,24,7-11,7,11,63.6,1-2,1,2,50,0-0,0,0,0,4,3,0,0,3,2,15,7/3/2012
2011-2012,Regular,WSH,W,120,100,9,5-7,5,7,71.4,2-3,2,3,66.7,0-0,0,0,0,1,1,0,1,1,0,12,5/3/2012
2011-2012,Regular,PHX,W,106,104,10,3-7,3,7,42.9,1-3,1,3,33.3,2-2,2,2,100,0,2,0,2,1,1,9,22/2/2012
2011-2012,Regular,LAC,W,104,97,33,3-6,3,6,50,3-5,3,5,60,2-2,2,2,100,3,6,1,0,3,3,11,20/2/2012
2011-2012,Regular,MEM,L,103,104,40,13-21,13,21,61.9,6-9,6,9,66.7,4-4,4,4,100,2,6,0,2,5,2,36,18/2/2012
2011-2012,Regular,OKC,L,87,110,28,4-13,4,13,30.8,3-5,3,5,60,0-0,0,0,0,2,4,0,0,2,4,11,17/2/2012
2011-2012,Regular,POR,L,91,93,38,3-10,3,10,30,0-2,0,2,0,2-2,2,2,100,3,8,2,2,2,2,8,15/2/2012
2011-2012,Regular,PHX,W,102,96,32,3-10,3,10,30,1-4,1,4,25,2-2,2,2,100,7,5,0,1,2,2,9,13/2/2012
2011-2012,Regular,HOU,W,106,97,34,5-14,5,14,35.7,3-6,3,6,50,1-1,1,1,100,0,5,0,2,4,2,14,12/2/2012
2011-2012,Regular,DEN,W,109,101,36,13-17,13,17,76.5,6-9,6,9,66.7,4-7,4,7,57.1,7,7,2,0,3,1,36,9/2/2012
2011-2012,Regular,OKC,L,116,119,43,7-9,7,9,77.8,1-2,1,2,50,1-2,1,2,50,7,10,0,2,3,3,16,7/2/2012
2011-2012,Regular,SAC,L,106,114,29,4-14,4,14,28.6,3-8,3,8,37.5,0-0,0,0,0,2,9,0,4,1,5,11,4/2/2012
2011-2012,Regular,UTA,W,119,101,38,10-14,10,14,71.4,2-5,2,5,40,7-8,7,8,87.5,5,12,0,3,4,3,29,2/2/2012
2011-2012,Regular,SAC,W,93,90,26,1-7,1,7,14.3,0-3,0,3,0,1-2,1,2,50,3,8,1,1,1,0,3,31/1/2012
2011-2012,Regular,OKC,L,109,120,27,6-16,6,16,37.5,2-7,2,7,28.6,1-1,1,1,100,2,6,0,2,4,4,15,27/1/2012
2011-2012,Regular,POR,W,101,93,38,12-19,12,19,63.2,6-8,6,8,75,2-3,2,3,66.7,6,7,0,4,0,1,32,25/1/2012
2011-2012,Regular,MEM,L,90,91,36,8-18,8,18,44.4,2-7,2,7,28.6,0-0,0,0,0,6,5,0,3,3,5,18,23/1/2012
2011-2012,Regular,IND,L,91,94,29,5-15,5,15,33.3,2-6,2,6,33.3,0-0,0,0,0,2,3,0,0,2,3,12,20/1/2012
2011-2012,Regular,SAS,L,95,101,30,7-11,7,11,63.6,3-4,3,4,75,3-3,3,3,100,3,8,0,0,2,2,20,4/1/2012
2011-2012,Regular,PHX,L,91,102,23,4-8,4,8,50,2-3,2,3,66.7,0-0,0,0,0,2,2,0,1,5,2,10,2/1/2012
2011-2012,Regular,PHI,L,79,107,30,9-15,9,15,60,3-8,3,8,37.5,0-0,0,0,0,4,4,0,0,3,5,21,31/12/2011
2011-2012,Regular,CHI,W,99,91,37,7-12,7,12,58.3,1-3,1,3,33.3,6-7,6,7,85.7,7,10,0,6,4,4,21,26/12/2011
2011-2012,Regular,LAC,L,86,105,33,2-12,2,12,16.7,0-4,0,4,0,0-1,0,1,0,5,4,2,2,4,5,4,25/12/2011
2012-2013,Post,SAS,L,82,94,40,10-25,10,25,40,2-8,2,8,25,0-0,0,0,0,4,6,1,1,2,3,22,16/5/2013
2012-2013,Post,SAS,L,91,109,35,4-14,4,14,28.6,1-7,1,7,14.3,0-0,0,0,0,0,8,0,1,1,4,9,14/5/2013
2012-2013,Post,SAS,W,97,87,39,7-15,7,15,46.7,5-10,5,10,50,3-3,3,3,100,6,4,0,0,2,2,22,12/5/2013
2012-2013,Post,SAS,L,92,102,42,5-17,5,17,29.4,3-9,3,9,33.3,3-3,3,3,100,2,8,0,2,3,3,16,10/5/2013
2012-2013,Post,SAS,W,100,91,43,7-20,7,20,35,2-6,2,6,33.3,6-9,6,9,66.7,4,4,0,1,2,2,22,8/5/2013
2012-2013,Post,SAS,L,127,129,58,18-35,18,35,51.4,6-14,6,14,42.9,2-2,2,2,100,4,11,0,2,3,6,44,6/5/2013
2012-2013,Post,DEN,W,92,88,42,6-14,6,14,42.9,4-8,4,8,50,6-6,6,6,100,4,8,0,2,3,7,22,2/5/2013
2012-2013,Post,DEN,L,100,107,42,7-19,7,19,36.8,1-6,1,6,16.7,0-0,0,0,0,4,8,1,0,5,2,15,30/4/2013
2012-2013,Post,DEN,W,115,101,33,10-16,10,16,62.5,6-11,6,11,54.5,5-5,5,5,100,3,7,0,4,4,2,31,28/4/2013
2012-2013,Post,DEN,W,110,108,38,8-17,8,17,47.1,4-7,4,7,57.1,9-9,9,9,100,6,11,0,2,4,3,29,26/4/2013
2012-2013,Post,DEN,W,131,117,42,13-23,13,23,56.5,4-10,4,10,40,0-0,0,0,0,5,13,0,3,4,1,30,23/4/2013
2012-2013,Post,DEN,L,95,97,43,7-20,7,20,35,4-10,4,10,40,1-1,1,1,100,4,9,0,2,2,5,19,20/4/2013
2012-2013,Regular,POR,W,99,88,32,5-16,5,16,31.3,4-11,4,11,36.4,1-1,1,1,100,2,5,0,3,2,1,15,17/4/2013
2012-2013,Regular,SAS,W,116,106,39,13-23,13,23,56.5,7-13,7,13,53.8,2-2,2,2,100,8,5,0,2,0,3,35,15/4/2013
2012-2013,Regular,LAL,L,116,118,44,17-31,17,31,54.8,9-15,9,15,60,4-4,4,4,100,6,9,0,3,3,1,47,12/4/2013
2012-2013,Regular,OKC,L,97,116,35,9-18,9,18,50,3-6,3,6,50,1-1,1,1,100,3,7,0,2,0,4,22,11/4/2013
2012-2013,Regular,MIN,W,105,89,39,9-21,9,21,42.9,2-9,2,9,22.2,4-5,4,5,80,4,10,1,1,4,3,24,9/4/2013
2012-2013,Regular,UTA,L,90,97,45,8-19,8,19,42.1,4-9,4,9,44.4,2-2,2,2,100,4,5,0,1,3,5,22,7/4/2013
2012-2013,Regular,PHX,W,111,107,41,6-15,6,15,40,3-8,3,8,37.5,3-3,3,3,100,1,15,0,4,5,4,18,5/4/2013
2012-2013,Regular,NOP,W,98,88,36,6-14,6,14,42.9,4-10,4,10,40,4-4,4,4,100,3,9,0,1,5,2,20,3/4/2013
2012-2013,Regular,POR,W,125,98,37,14-22,14,22,63.6,7-12,7,12,58.3,4-4,4,4,100,5,6,0,1,2,3,39,30/3/2013
2012-2013,Regular,SAC,L,98,105,46,5-18,5,18,27.8,2-9,2,9,22.2,5-6,5,6,83.3,5,12,0,4,3,3,17,27/3/2013
2012-2013,Regular,LAL,W,109,103,43,9-24,9,24,37.5,3-9,3,9,33.3,4-7,4,7,57.1,7,10,0,0,4,2,25,25/3/2013
2012-2013,Regular,WSH,W,101,92,32,13-18,13,18,72.2,6-10,6,10,60,3-4,3,4,75,2,8,0,2,2,3,35,23/3/2013
2012-2013,Regular,SAS,L,93,104,36,8-20,8,20,40,4-8,4,8,50,4-5,4,5,80,4,3,0,2,0,3,24,20/3/2013
2012-2013,Regular,NOP,W,93,72,39,10-19,10,19,52.6,6-9,6,9,66.7,4-4,4,4,100,7,3,0,0,3,7,30,18/3/2013
2012-2013,Regular,HOU,W,108,78,45,12-22,12,22,54.5,5-11,5,11,45.5,0-0,0,0,0,5,11,1,2,1,3,29,17/3/2013
2012-2013,Regular,CHI,L,95,113,30,2-13,2,13,15.4,0-5,0,5,0,4-4,4,4,100,0,4,0,0,2,1,8,15/3/2013
2012-2013,Regular,DET,W,105,97,43,11-17,11,17,64.7,5-7,5,7,71.4,4-4,4,4,100,2,8,0,1,0,4,31,13/3/2013
2012-2013,Regular,NYK,W,92,63,37,9-18,9,18,50,6-10,6,10,60,2-2,2,2,100,6,3,0,1,1,2,26,11/3/2013
2012-2013,Regular,MIL,L,93,103,39,7-18,7,18,38.9,2-6,2,6,33.3,0-0,0,0,0,2,10,0,0,4,4,16,9/3/2013
2012-2013,Regular,HOU,L,88,94,43,8-21,8,21,38.1,3-8,3,8,37.5,5-7,5,7,71.4,5,8,0,1,5,1,24,8/3/2013
2012-2013,Regular,SAC,W,87,83,34,3-11,3,11,27.3,2-5,2,5,40,5-5,5,5,100,5,8,0,2,4,6,13,6/3/2013
2012-2013,Regular,TOR,W,125,118,42,8-16,8,16,50,2-5,2,5,40,8-8,8,8,100,5,12,0,0,5,6,26,4/3/2013
2012-2013,Regular,PHI,L,97,104,42,11-20,11,20,55,3-9,3,9,33.3,5-7,5,7,71.4,3,9,0,3,2,4,30,2/3/2013
2012-2013,Regular,BOS,L,86,94,42,6-22,6,22,27.3,3-11,3,11,27.3,10-10,10,10,100,1,6,0,1,2,4,25,1/3/2013
2012-2013,Regular,NYK,L,105,109,48,18-28,18,28,64.3,11-13,11,13,84.6,7-7,7,7,100,6,7,0,3,3,4,54,27/2/2013
2012-2013,Regular,IND,L,97,108,37,14-20,14,20,70,7-10,7,10,70,3-4,3,4,75,2,4,1,3,3,6,38,26/2/2013
2012-2013,Regular,MIN,W,100,99,34,6-15,6,15,40,1-5,1,5,20,5-5,5,5,100,5,5,0,5,5,6,18,24/2/2013
2012-2013,Regular,SAS,W,107,101,45,6-17,6,17,35.3,3-9,3,9,33.3,4-5,4,5,80,4,6,0,1,2,2,19,22/2/2013
2012-2013,Regular,PHX,W,108,98,41,8-16,8,16,50,2-6,2,6,33.3,2-2,2,2,100,3,11,0,1,1,2,20,20/2/2013
2012-2013,Regular,UTA,L,101,115,38,12-22,12,22,54.5,4-9,4,9,44.4,1-1,1,1,100,5,4,0,1,3,4,29,19/2/2013
2012-2013,Regular,HOU,L,107,116,35,10-19,10,19,52.6,2-5,2,5,40,5-6,5,6,83.3,5,6,0,1,4,1,27,12/2/2013
2012-2013,Regular,DAL,L,91,116,31,8-23,8,23,34.8,1-3,1,3,33.3,1-1,1,1,100,7,4,0,1,2,5,18,9/2/2013
2012-2013,Regular,MEM,L,93,99,40,11-22,11,22,50,4-9,4,9,44.4,6-6,6,6,100,5,8,0,2,4,2,32,8/2/2013
2012-2013,Regular,OKC,L,98,119,36,5-20,5,20,25,2-7,2,7,28.6,2-2,2,2,100,8,11,0,1,3,6,14,6/2/2013
2012-2013,Regular,HOU,L,109,140,28,3-12,3,12,25,1-5,1,5,20,0-0,0,0,0,4,9,1,0,2,2,7,5/2/2013
2012-2013,Regular,PHX,W,113,93,42,11-20,11,20,55,6-10,6,10,60,1-1,1,1,100,2,8,0,2,3,2,29,2/2/2013
2012-2013,Regular,TOR,W,114,102,26,7-12,7,12,58.3,1-3,1,3,33.3,2-2,2,2,100,1,5,0,1,1,2,17,28/1/2013
2012-2013,Regular,MIL,L,102,109,37,8-19,8,19,42.1,5-9,5,9,55.6,5-5,5,5,100,2,7,0,1,2,2,26,26/1/2013
2012-2013,Regular,CHI,L,87,103,37,7-18,7,18,38.9,3-7,3,7,42.9,4-4,4,4,100,1,1,0,0,1,2,21,25/1/2013
2012-2013,Regular,OKC,W,104,99,42,11-27,11,27,40.7,3-14,3,14,21.4,6-6,6,6,100,3,7,0,4,1,2,31,23/1/2013
2012-2013,Regular,LAC,W,106,99,37,9-14,9,14,64.3,6-8,6,8,75,4-4,4,4,100,3,6,0,0,4,2,28,21/1/2013
2012-2013,Regular,NOP,W,116,112,38,5-17,5,17,29.4,2-8,2,8,25,8-10,8,10,80,3,7,0,4,2,1,20,19/1/2013
2012-2013,Regular,DEN,L,105,116,41,11-18,11,18,61.1,7-9,7,9,77.8,0-0,0,0,0,0,7,0,1,4,1,29,13/1/2013
2012-2013,Regular,POR,W,103,97,44,7-22,7,22,31.8,3-8,3,8,37.5,5-5,5,5,100,3,12,1,3,1,1,22,11/1/2013
2012-2013,Regular,MEM,L,87,94,41,10-22,10,22,45.5,4-8,4,8,50,0-1,0,1,0,4,4,0,2,2,4,24,9/1/2013
2012-2013,Regular,LAC,L,89,115,29,4-11,4,11,36.4,1-5,1,5,20,1-1,1,1,100,0,5,0,0,0,2,10,5/1/2013
2012-2013,Regular,LAC,W,115,94,43,11-16,11,16,68.8,6-8,6,8,75,3-4,3,4,75,6,8,0,2,3,4,31,2/1/2013
2012-2013,Regular,BOS,W,101,83,35,8-13,8,13,61.5,4-5,4,5,80,2-2,2,2,100,4,9,2,3,3,5,22,29/12/2012
2012-2013,Regular,PHI,W,96,89,39,5-11,5,11,45.5,1-4,1,4,25,0-0,0,0,0,5,6,0,1,3,4,11,28/12/2012
2012-2013,Regular,UTA,W,94,83,38,7-18,7,18,38.9,4-7,4,7,57.1,5-6,5,6,83.3,8,7,1,1,0,2,23,26/12/2012
2012-2013,Regular,LAL,L,115,118,45,8-23,8,23,34.8,3-10,3,10,30,1-1,1,1,100,8,7,0,4,4,4,20,22/12/2012
2012-2013,Regular,CHA,W,115,100,36,9-17,9,17,52.9,8-13,8,13,61.5,1-1,1,1,100,3,8,2,0,2,2,27,21/12/2012
2012-2013,Regular,SAC,L,127,131,42,11-24,11,24,45.8,7-12,7,12,58.3,3-3,3,3,100,6,4,1,1,6,4,32,19/12/2012
2012-2013,Regular,NOP,W,103,96,39,5-13,5,13,38.5,1-3,1,3,33.3,2-2,2,2,100,5,3,0,0,2,2,13,18/12/2012
2012-2013,Regular,ATL,W,115,93,36,6-20,6,20,30,3-11,3,11,27.3,3-3,3,3,100,8,11,0,3,1,4,18,15/12/2012
2012-2013,Regular,ORL,L,85,99,43,8-19,8,19,42.1,2-5,2,5,40,7-8,7,8,87.5,3,3,0,0,0,1,25,14/12/2012
2012-2013,Regular,MIA,W,97,95,42,4-10,4,10,40,1-3,1,3,33.3,0-0,0,0,0,3,7,0,2,0,6,9,12/12/2012
2012-2013,Regular,CHA,W,104,96,37,10-22,10,22,45.5,4-7,4,7,57.1,3-4,3,4,75,7,7,0,1,5,3,27,10/12/2012
2012-2013,Regular,WSH,W,101,97,35,7-15,7,15,46.7,2-8,2,8,25,6-7,6,7,85.7,3,5,0,0,1,4,22,8/12/2012
2012-2013,Regular,BKN,W,109,102,43,10-19,10,19,52.6,5-9,5,9,55.6,3-3,3,3,100,4,5,0,2,1,0,28,7/12/2012
2012-2013,Regular,DET,W,104,97,37,7-15,7,15,46.7,4-6,4,6,66.7,4-4,4,4,100,3,10,0,4,2,1,22,5/12/2012
2012-2013,Regular,ORL,L,94,102,44,9-21,9,21,42.9,3-6,3,6,50,4-5,4,5,80,5,11,0,2,0,1,25,3/12/2012
2012-2013,Regular,IND,W,103,92,37,7-14,7,14,50,3-5,3,5,60,3-3,3,3,100,1,11,0,2,4,4,20,1/12/2012
2012-2013,Regular,DEN,W,106,105,45,7-17,7,17,41.2,4-7,4,7,57.1,2-2,2,2,100,4,10,0,4,4,3,20,29/11/2012
2012-2013,Regular,MIN,W,96,85,39,7-19,7,19,36.8,5-10,5,10,50,1-1,1,1,100,2,6,0,1,3,3,20,24/11/2012
2012-2013,Regular,DEN,L,91,102,26,2-5,2,5,40,2-2,2,2,100,0-0,0,0,0,1,3,0,0,4,4,6,23/11/2012
2012-2013,Regular,BKN,W,102,93,42,7-13,7,13,53.8,2-4,2,4,50,9-10,9,10,90,6,4,0,0,2,2,25,21/11/2012
2012-2013,Regular,DAL,W,105,101,43,9-21,9,21,42.9,3-7,3,7,42.9,10-10,10,10,100,6,9,0,2,2,4,31,19/11/2012
2012-2013,Regular,OKC,L,109,119,33,9-17,9,17,52.9,4-8,4,8,50,0-0,0,0,0,2,6,0,0,2,3,22,18/11/2012
2012-2013,Regular,MIN,W,106,98,29,7-12,7,12,58.3,0-3,0,3,0,3-3,3,3,100,4,6,1,1,6,3,17,16/11/2012
2012-2013,Regular,ATL,W,92,88,33,4-12,4,12,33.3,0-5,0,5,0,4-4,4,4,100,1,7,0,3,3,4,12,14/11/2012
2012-2013,Regular,DEN,L,101,107,37,7-17,7,17,41.2,3-6,3,6,50,2-2,2,2,100,5,3,0,3,5,4,19,10/11/2012
2012-2013,Regular,LAL,L,77,101,30,6-16,6,16,37.5,2-6,2,6,33.3,4-4,4,4,100,3,5,0,1,0,0,18,9/11/2012
2012-2013,Regular,CLE,W,106,96,36,8-14,8,14,57.1,2-6,2,6,33.3,3-3,3,3,100,5,6,0,2,3,3,21,7/11/2012
2012-2013,Regular,SAC,L,92,94,39,3-15,3,15,20,2-6,2,6,33.3,4-5,4,5,80,6,8,0,1,2,3,12,5/11/2012
2012-2013,Regular,LAC,W,114,110,43,6-16,6,16,37.5,2-7,2,7,28.6,9-10,9,10,90,4,4,0,3,4,5,23,3/11/2012
2012-2013,Regular,MEM,L,94,104,43,10-20,10,20,50,6-10,6,10,60,0-1,0,1,0,5,7,0,1,3,4,26,2/11/2012
2012-2013,Regular,PHX,W,87,85,30,2-14,2,14,14.3,0-6,0,6,0,1-3,1,3,33.3,7,3,0,2,3,4,5,31/10/2012
2012-2013,Pre,POR,W,101,97,12,1-2,1,2,50,0-0,0,0,0,0-0,0,0,0,0,4,0,0,0,2,2,19/10/2012
2012-2013,Pre,SAC,W,98,88,23,8-14,8,14,57.1,2-4,2,4,50,1-1,1,1,100,5,4,0,2,6,1,19,17/10/2012
2012-2013,Pre,DEN,L,98,104,24,10-15,10,15,66.7,4-5,4,5,80,1-1,1,1,100,1,2,0,1,3,5,25,15/10/2012
2012-2013,Pre,MCH,W,108,100,23,4-8,4,8,50,2-4,2,4,50,3-3,3,3,100,4,10,0,1,4,1,13,11/10/2012
2012-2013,Pre,UTA,W,83,80,12,1-3,1,3,33.3,0-1,0,1,0,0-0,0,0,0,2,6,0,1,2,1,2,8/10/2012
2013-2014,Post,LAC,L,121,126,46,7-17,7,17,41.2,3-7,3,7,42.9,16-16,16,16,100,5,9,0,3,4,2,33,3/5/2014
2013-2014,Post,LAC,W,100,99,45,9-24,9,24,37.5,2-8,2,8,25,4-7,4,7,57.1,4,9,0,0,1,2,24,1/5/2014
2013-2014,Post,LAC,L,103,113,44,5-10,5,10,50,4-7,4,7,57.1,3-3,3,3,100,3,4,0,2,2,8,17,29/4/2014
2013-2014,Post,LAC,W,118,97,42,10-20,10,20,50,7-14,7,14,50,6-7,6,7,85.7,7,7,1,1,3,2,33,27/4/2014
2013-2014,Post,LAC,L,96,98,43,5-12,5,12,41.7,3-8,3,8,37.5,3-4,3,4,75,2,15,0,1,3,3,16,24/4/2014
2013-2014,Post,LAC,L,98,138,31,9-17,9,17,52.9,1-7,1,7,14.3,5-5,5,5,100,1,8,0,2,4,2,24,21/4/2014
2013-2014,Post,LAC,W,109,105,45,6-16,6,16,37.5,2-6,2,6,33.3,0-0,0,0,0,3,7,0,3,1,7,14,19/4/2014
2013-2014,Regular,MIN,W,130,120,42,10-21,10,21,47.6,7-13,7,13,53.8,5-5,5,5,100,5,15,0,3,4,5,32,14/4/2014
2013-2014,Regular,POR,L,117,119,45,16-29,16,29,55.2,7-14,7,14,50,8-8,8,8,100,1,5,0,3,3,4,47,13/4/2014
2013-2014,Regular,LAL,W,112,95,35,12-20,12,20,60,4-5,4,5,80,2-2,2,2,100,10,12,0,2,3,6,30,11/4/2014
2013-2014,Regular,DEN,L,99,100,34,8-19,8,19,42.1,2-7,2,7,28.6,6-6,6,6,100,7,6,0,4,1,2,24,10/4/2014
2013-2014,Regular,UTA,W,130,102,29,12-18,12,18,66.7,5-10,5,10,50,2-2,2,2,100,1,16,0,3,2,5,31,6/4/2014
2013-2014,Regular,SAC,W,102,69,29,5-12,5,12,41.7,2-5,2,5,40,1-1,1,1,100,2,5,0,1,2,1,13,4/4/2014
2013-2014,Regular,SAS,L,90,111,31,5-15,5,15,33.3,1-4,1,4,25,0-0,0,0,0,0,10,0,1,2,4,11,2/4/2014
2013-2014,Regular,DAL,W,122,120,43,10-17,10,17,58.8,3-8,3,8,37.5,0-0,0,0,0,3,10,0,2,2,1,23,1/4/2014
2013-2014,Regular,NYK,L,84,89,41,10-21,10,21,47.6,6-12,6,12,50,6-8,6,8,75,4,1,0,1,2,2,32,30/3/2014
2013-2014,Regular,MEM,W,100,93,38,13-22,13,22,59.1,5-8,5,8,62.5,2-3,2,3,66.7,5,8,2,1,1,3,33,28/3/2014
2013-2014,Regular,SAS,L,90,99,39,5-13,5,13,38.5,1-4,1,4,25,9-9,9,9,100,6,6,0,1,0,6,20,22/3/2014
2013-2014,Regular,MIL,W,115,110,38,9-14,9,14,64.3,3-5,3,5,60,10-10,10,10,100,3,10,0,1,2,4,31,20/3/2014
2013-2014,Regular,ORL,W,103,89,32,9-13,9,13,69.2,3-6,3,6,50,2-2,2,2,100,3,5,0,0,1,3,23,18/3/2014
2013-2014,Regular,POR,W,113,112,40,11-24,11,24,45.8,6-12,6,12,50,9-9,9,9,100,4,5,0,1,4,5,37,16/3/2014
2013-2014,Regular,CLE,L,94,103,36,8-17,8,17,47.1,5-10,5,10,50,6-7,6,7,85.7,4,8,0,3,1,4,27,14/3/2014
2013-2014,Regular,LAC,L,98,111,29,5-11,5,11,45.5,2-5,2,5,40,1-1,1,1,100,5,11,0,1,3,4,13,12/3/2014
2013-2014,Regular,DAL,W,108,85,22,4-12,4,12,33.3,1-5,1,5,20,1-1,1,1,100,2,4,0,3,1,3,10,11/3/2014
2013-2014,Regular,PHX,W,113,107,30,7-16,7,16,43.8,1-5,1,5,20,3-3,3,3,100,2,9,0,0,1,1,18,9/3/2014
2013-2014,Regular,ATL,W,111,97,30,5-10,5,10,50,1-4,1,4,25,2-2,2,2,100,3,7,0,1,1,0,13,7/3/2014
2013-2014,Regular,BOS,W,108,88,22,6-10,6,10,60,1-4,1,4,25,1-1,1,1,100,3,4,0,1,3,0,14,5/3/2014
2013-2014,Regular,IND,W,98,96,32,7-18,7,18,38.9,2-5,2,5,40,3-3,3,3,100,8,6,0,2,5,4,19,4/3/2014
2013-2014,Regular,TOR,L,98,104,43,13-27,13,27,48.1,4-11,4,11,36.4,4-6,4,6,66.7,4,7,0,1,3,6,34,2/3/2014
2013-2014,Regular,NYK,W,126,103,30,9-19,9,19,47.4,5-11,5,11,45.5,4-4,4,4,100,11,11,1,0,2,4,27,28/2/2014
2013-2014,Regular,CHI,L,83,103,28,2-10,2,10,20,1-5,1,5,20,0-0,0,0,0,3,5,0,0,0,5,5,26/2/2014
2013-2014,Regular,DET,W,104,96,36,6-15,6,15,40,3-9,3,9,33.3,4-5,4,5,80,8,9,0,0,0,4,19,24/2/2014
2013-2014,Regular,BKN,W,93,86,32,7-13,7,13,53.8,3-4,3,4,75,0-0,0,0,0,5,8,0,2,2,2,17,22/2/2014
2013-2014,Regular,HOU,W,102,99,38,8-15,8,15,53.3,5-8,5,8,62.5,4-4,4,4,100,2,6,0,2,5,2,25,20/2/2014
2013-2014,Regular,SAC,W,101,92,36,5-14,5,14,35.7,1-4,1,4,25,2-3,2,3,66.7,1,8,0,1,2,0,13,19/2/2014
2013-2014,Regular,MIA,L,110,111,39,8-14,8,14,57.1,4-4,4,4,100,9-9,9,9,100,5,7,0,1,3,5,29,12/2/2014
2013-2014,Regular,PHI,W,123,80,27,7-11,7,11,63.6,6-9,6,9,66.7,3-3,3,3,100,5,8,0,1,3,7,23,10/2/2014
2013-2014,Regular,PHX,L,109,122,41,10-20,10,20,50,3-10,3,10,30,5-6,5,6,83.3,2,9,0,0,2,2,28,8/2/2014
2013-2014,Regular,CHI,W,102,87,43,13-19,13,19,68.4,4-6,4,6,66.7,4-4,4,4,100,3,9,0,1,3,2,34,6/2/2014
2013-2014,Regular,CHA,L,75,91,38,8-18,8,18,44.4,1-7,1,7,14.3,0-0,0,0,0,3,11,0,0,2,2,17,4/2/2014
2013-2014,Regular,UTA,W,95,90,38,14-26,14,26,53.8,8-13,8,13,61.5,8-9,8,9,88.9,2,4,0,0,0,2,44,31/1/2014
2013-2014,Regular,LAC,W,111,92,34,8-10,8,10,80,4-4,4,4,100,2-2,2,2,100,4,7,1,1,3,3,22,30/1/2014
2013-2014,Regular,WSH,L,85,88,38,8-23,8,23,34.8,2-7,2,7,28.6,5-6,5,6,83.3,2,4,0,4,5,6,23,28/1/2014
2013-2014,Regular,POR,W,103,88,35,13-23,13,23,56.5,5-8,5,8,62.5,7-10,7,10,70,7,8,0,2,1,2,38,26/1/2014
2013-2014,Regular,MIN,L,120,121,37,12-21,12,21,57.1,6-10,6,10,60,3-3,3,3,100,3,15,0,1,3,5,33,24/1/2014
2013-2014,Regular,IND,L,94,102,41,9-20,9,20,45,3-11,3,11,27.3,3-4,3,4,75,3,9,0,0,2,2,24,20/1/2014
2013-2014,Regular,NOP,W,97,87,38,10-22,10,22,45.5,2-9,2,9,22.2,6-6,6,6,100,6,8,0,4,2,0,28,18/1/2014
2013-2014,Regular,OKC,L,121,127,38,11-18,11,18,61.1,6-10,6,10,60,9-11,9,11,81.8,3,11,0,3,2,7,37,17/1/2014
2013-2014,Regular,DEN,L,116,123,40,7-19,7,19,36.8,4-13,4,13,30.8,6-7,6,7,85.7,5,7,0,0,4,2,24,15/1/2014
2013-2014,Regular,BOS,W,99,97,40,7-18,7,18,38.9,3-8,3,8,37.5,2-3,2,3,66.7,7,4,0,1,1,4,19,10/1/2014
2013-2014,Regular,BKN,L,98,102,45,11-25,11,25,44,2-10,2,10,20,10-10,10,10,100,5,7,0,3,5,7,34,8/1/2014
2013-2014,Regular,MIL,W,101,80,36,5-18,5,18,27.8,2-11,2,11,18.2,3-4,3,4,75,0,6,0,1,2,7,15,7/1/2014
2013-2014,Regular,WSH,W,112,96,38,5-17,5,17,29.4,1-5,1,5,20,3-3,3,3,100,3,10,1,1,5,2,14,5/1/2014
2013-2014,Regular,ATL,W,101,100,35,7-15,7,15,46.7,1-7,1,7,14.3,7-8,7,8,87.5,8,9,0,5,5,9,22,3/1/2014
2013-2014,Regular,MIA,W,123,114,44,13-22,13,22,59.1,8-15,8,15,53.3,2-3,2,3,66.7,2,12,0,2,4,4,36,2/1/2014
2013-2014,Regular,ORL,W,94,81,30,4-10,4,10,40,1-5,1,5,20,0-0,0,0,0,5,8,0,0,1,6,9,31/12/2013
2013-2014,Regular,CLE,W,108,104,48,10-23,10,23,43.5,5-10,5,10,50,4-5,4,5,80,9,11,1,2,3,5,29,29/12/2013
2013-2014,Regular,PHX,W,115,86,34,5-17,5,17,29.4,1-6,1,6,16.7,3-5,3,5,60,13,16,0,1,3,7,14,27/12/2013
2013-2014,Regular,LAC,W,105,103,42,5-17,5,17,29.4,2-6,2,6,33.3,3-3,3,3,100,6,11,0,1,1,2,15,25/12/2013
2013-2014,Regular,DEN,W,89,81,35,5-14,5,14,35.7,2-3,2,3,66.7,2-4,2,4,50,3,7,1,2,4,2,14,23/12/2013
2013-2014,Regular,LAL,W,102,83,33,5-15,5,15,33.3,4-9,4,9,44.4,4-4,4,4,100,6,10,0,3,2,1,18,21/12/2013
2013-2014,Regular,SAS,L,102,104,40,12-28,12,28,42.9,6-16,6,16,37.5,0-0,0,0,0,2,15,0,4,1,5,30,19/12/2013
2013-2014,Regular,NOP,W,104,93,33,11-19,11,19,57.9,2-7,2,7,28.6,4-4,4,4,100,4,11,0,3,3,3,28,17/12/2013
2013-2014,Regular,PHX,L,102,106,42,8-17,8,17,47.1,4-7,4,7,57.1,10-11,10,11,90.9,6,7,0,3,2,6,30,15/12/2013
2013-2014,Regular,HOU,L,112,116,39,5-12,5,12,41.7,1-5,1,5,20,9-11,9,11,81.8,2,9,0,0,6,6,20,13/12/2013
2013-2014,Regular,DAL,W,95,93,44,13-25,13,25,52,6-11,6,11,54.5,1-1,1,1,100,4,10,0,3,3,8,33,11/12/2013
2013-2014,Regular,CHA,L,111,115,46,14-32,14,32,43.8,5-16,5,16,31.3,10-12,10,12,83.3,6,9,2,0,4,4,43,9/12/2013
2013-2014,Regular,MEM,W,108,82,45,7-16,7,16,43.8,2-7,2,7,28.6,6-7,6,7,85.7,6,15,1,0,4,1,22,7/12/2013
2013-2014,Regular,HOU,L,83,105,32,5-14,5,14,35.7,1-5,1,5,20,11-11,11,11,100,1,5,0,3,4,8,22,6/12/2013
2013-2014,Regular,TOR,W,112,103,43,8-15,8,15,53.3,3-7,3,7,42.9,8-10,8,10,80,3,10,1,5,1,3,27,3/12/2013
2013-2014,Regular,SAC,W,115,113,40,14-24,14,24,58.3,5-8,5,8,62.5,3-3,3,3,100,2,10,1,3,1,7,36,1/12/2013
2013-2014,Regular,OKC,L,112,113,45,13-26,13,26,50,4-10,4,10,40,2-3,2,3,66.7,11,5,0,0,4,3,32,29/11/2013
2013-2014,Regular,DAL,L,99,103,42,9-19,9,19,47.4,6-10,6,10,60,5-5,5,5,100,4,8,0,1,3,6,29,27/11/2013
2013-2014,Regular,NOP,W,102,101,42,7-20,7,20,35,2-5,2,5,40,0-0,0,0,0,8,9,1,3,2,2,16,26/11/2013
2013-2014,Regular,POR,L,101,113,37,8-21,8,21,38.1,2-9,2,9,22.2,4-5,4,5,80,3,11,0,1,1,5,22,23/11/2013
2013-2014,Regular,UTA,W,98,87,33,7-15,7,15,46.7,4-7,4,7,57.1,4-4,4,4,100,6,8,0,3,4,5,22,18/11/2013
2013-2014,Regular,UTA,W,102,88,39,7-20,7,20,35,0-5,0,5,0,1-2,1,2,50,3,11,0,1,1,0,15,16/11/2013
2013-2014,Regular,OKC,W,116,115,43,8-22,8,22,36.4,4-8,4,8,50,2-3,2,3,66.7,5,9,0,1,4,2,22,14/11/2013
2013-2014,Regular,DET,W,113,95,29,7-10,7,10,70,2-4,2,4,50,9-9,9,9,100,2,8,0,1,4,2,25,12/11/2013
2013-2014,Regular,MEM,L,90,108,34,7-18,7,18,38.9,4-10,4,10,40,4-4,4,4,100,2,5,0,3,1,3,22,9/11/2013
2013-2014,Regular,MIN,W,106,93,24,2-8,2,8,25,0-3,0,3,0,1-2,1,2,50,1,7,0,1,1,1,5,6/11/2013
2013-2014,Regular,PHI,W,110,90,29,7-16,7,16,43.8,2-9,2,9,22.2,2-2,2,2,100,10,12,1,5,0,2,18,4/11/2013
2013-2014,Regular,SAC,W,98,87,33,8-13,8,13,61.5,5-8,5,8,62.5,1-1,1,1,100,1,12,0,1,4,7,22,2/11/2013
2013-2014,Regular,LAC,L,115,126,38,14-23,14,23,60.9,9-14,9,14,64.3,1-1,1,1,100,3,9,0,0,3,11,38,31/10/2013
2013-2014,Regular,LAL,W,125,94,24,4-10,4,10,40,2-5,2,5,40,0-0,0,0,0,4,6,0,1,4,1,10,30/10/2013
2013-2014,Pre,SAC,L,90,91,36,8-15,8,15,53.3,5-10,5,10,50,3-4,3,4,75,2,6,1,3,4,4,24,23/10/2013
2013-2014,Pre,LAL,W,115,89,21,3-12,3,12,25,1-5,1,5,20,2-2,2,2,100,3,3,1,1,3,2,9,18/10/2013
2013-2014,Pre,LAL,W,100,95,37,7-18,7,18,38.9,3-10,3,10,30,7-8,7,8,87.5,3,7,0,3,3,2,24,15/10/2013
2013-2014,Pre,UTA,L,78,101,21,4-14,4,14,28.6,2-4,2,4,50,0-0,0,0,0,4,3,0,0,1,0,10,8/10/2013
2013-2014,Pre,SAC,W,94,81,27,5-12,5,12,41.7,4-7,4,7,57.1,9-10,9,10,90,3,6,0,0,4,5,23,7/10/2013
2013-2014,Pre,LAL,L,95,104,15,2-6,2,6,33.3,0-4,0,4,0,1-1,1,1,100,4,2,0,2,2,1,5,5/10/2013
2014-2015,Post,CLE,W,105,97,43,8-19,8,19,42.1,3-11,3,11,27.3,6-8,6,8,75,6,8,0,3,3,3,25,16/6/2015
2014-2015,Post,CLE,W,104,91,42,13-23,13,23,56.5,7-13,7,13,53.8,4-4,4,4,100,7,4,0,2,2,5,37,14/6/2015
2014-2015,Post,CLE,W,103,82,41,8-17,8,17,47.1,4-7,4,7,57.1,2-2,2,2,100,2,7,0,1,1,4,22,11/6/2015
2014-2015,Post,CLE,L,91,96,44,10-20,10,20,50,7-13,7,13,53.8,0-0,0,0,0,6,6,1,3,2,6,27,9/6/2015
2014-2015,Post,CLE,L,93,95,42,5-23,5,23,21.7,2-15,2,15,13.3,7-8,7,8,87.5,6,5,0,0,4,6,19,7/6/2015
2014-2015,Post,CLE,W,108,100,43,10-20,10,20,50,2-6,2,6,33.3,4-4,4,4,100,4,8,0,2,1,4,26,4/6/2015
2014-2015,Post,HOU,W,104,90,42,7-21,7,21,33.3,3-11,3,11,27.3,9-12,9,12,75,8,6,0,5,3,3,26,27/5/2015
2014-2015,Post,HOU,L,115,128,31,7-18,7,18,38.9,6-13,6,13,46.2,3-3,3,3,100,1,4,0,0,3,0,23,25/5/2015
2014-2015,Post,HOU,W,115,80,35,12-19,12,19,63.2,7-9,7,9,77.8,9-10,9,10,90,5,7,1,2,2,4,40,23/5/2015
2014-2015,Post,HOU,W,99,98,37,13-21,13,21,61.9,5-11,5,11,45.5,2-3,2,3,66.7,3,6,0,1,2,6,33,21/5/2015
2014-2015,Post,HOU,W,110,106,39,13-22,13,22,59.1,6-11,6,11,54.5,2-3,2,3,66.7,6,5,0,2,3,1,34,19/5/2015
2014-2015,Post,MEM,W,108,95,39,11-25,11,25,44,8-13,8,13,61.5,2-2,2,2,100,6,10,0,0,3,4,32,15/5/2015
2014-2015,Post,MEM,W,98,78,33,6-16,6,16,37.5,6-13,6,13,46.2,0-0,0,0,0,7,5,0,6,0,5,18,13/5/2015
2014-2015,Post,MEM,W,101,84,39,11-22,11,22,50,4-9,4,9,44.4,7-9,7,9,77.8,8,5,0,2,4,4,33,11/5/2015
2014-2015,Post,MEM,L,89,99,40,8-21,8,21,38.1,2-10,2,10,20,5-7,5,7,71.4,2,6,1,1,1,4,23,9/5/2015
2014-2015,Post,MEM,L,90,97,41,7-19,7,19,36.8,2-11,2,11,18.2,3-4,3,4,75,5,6,0,0,0,3,19,5/5/2015
2014-2015,Post,MEM,W,101,86,38,8-18,8,18,44.4,4-8,4,8,50,2-2,2,2,100,2,7,0,4,1,4,22,3/5/2015
2014-2015,Post,NOP,W,109,98,38,11-20,11,20,55,6-8,6,8,75,11-12,11,12,91.7,8,9,0,1,4,5,39,25/4/2015
2014-2015,Post,NOP,W,123,119,44,10-29,10,29,34.5,7-18,7,18,38.9,13-14,13,14,92.9,5,9,0,0,3,3,40,23/4/2015
2014-2015,Post,NOP,W,97,87,37,9-21,9,21,42.9,3-9,3,9,33.3,1-1,1,1,100,4,6,0,1,1,5,22,20/4/2015
2014-2015,Post,NOP,W,106,99,40,13-25,13,25,52,4-13,4,13,30.8,4-7,4,7,57.1,4,5,0,3,4,3,34,18/4/2015
2014-2015,Regular,DEN,W,133,126,19,4-10,4,10,40,2-4,2,4,50,0-0,0,0,0,4,7,0,5,1,2,10,15/4/2015
2014-2015,Regular,MEM,W,111,107,29,6-10,6,10,60,3-6,3,6,50,0-0,0,0,0,4,8,0,1,2,3,15,13/4/2015
2014-2015,Regular,MIN,W,110,101,35,11-21,11,21,52.4,5-11,5,11,45.5,7-8,7,8,87.5,4,7,0,4,1,3,34,11/4/2015
2014-2015,Regular,POR,W,116,105,35,17-23,17,23,73.9,8-13,8,13,61.5,3-3,3,3,100,2,10,0,0,2,4,45,9/4/2015
2014-2015,Regular,NOP,L,100,103,35,9-18,9,18,50,5-8,5,8,62.5,2-2,2,2,100,6,9,0,1,3,2,25,7/4/2015
2014-2015,Regular,SAS,L,92,107,30,9-17,9,17,52.9,5-10,5,10,50,1-2,1,2,50,4,6,0,1,2,4,24,5/4/2015
2014-2015,Regular,DAL,W,123,110,27,4-12,4,12,33.3,1-4,1,4,25,2-3,2,3,66.7,4,3,0,1,1,1,11,4/4/2015
2014-2015,Regular,PHX,W,107,106,34,10-22,10,22,45.5,6-11,6,11,54.5,2-2,2,2,100,8,5,0,0,3,6,28,2/4/2015
2014-2015,Regular,LAC,W,110,106,36,8-15,8,15,53.3,4-6,4,6,66.7,7-7,7,7,100,1,4,0,1,3,3,27,31/3/2015
2014-2015,Regular,MIL,W,108,95,30,8-13,8,13,61.5,6-9,6,9,66.7,3-3,3,3,100,4,6,0,1,4,6,25,28/3/2015
2014-2015,Regular,MEM,W,107,84,34,12-22,12,22,54.5,8-12,8,12,66.7,6-6,6,6,100,3,10,1,3,3,4,38,27/3/2015
2014-2015,Regular,POR,W,122,108,35,13-22,13,22,59.1,5-9,5,9,55.6,2-2,2,2,100,2,10,0,1,2,2,33,24/3/2015
2014-2015,Regular,WSH,W,107,76,28,8-14,8,14,57.1,5-8,5,8,62.5,3-3,3,3,100,5,6,0,2,1,2,24,23/3/2015
2014-2015,Regular,UTA,W,106,91,32,8-18,8,18,44.4,3-6,3,6,50,5-5,5,5,100,3,3,0,3,0,0,24,21/3/2015
2014-2015,Regular,NOP,W,112,96,27,4-17,4,17,23.5,2-10,2,10,20,6-6,6,6,100,2,11,0,0,0,3,16,20/3/2015
2014-2015,Regular,ATL,W,114,95,30,4-11,4,11,36.4,2-6,2,6,33.3,6-6,6,6,100,4,12,0,0,1,4,16,18/3/2015
2014-2015,Regular,LAL,W,108,105,33,5-14,5,14,35.7,2-6,2,6,33.3,7-7,7,7,100,4,9,0,3,2,6,19,16/3/2015
2014-2015,Regular,NYK,W,125,94,27,8-15,8,15,53.3,6-10,6,10,60,3-3,3,3,100,3,11,0,3,2,1,25,14/3/2015
2014-2015,Regular,DET,W,105,98,34,4-15,4,15,26.7,1-7,1,7,14.3,0-0,0,0,0,5,11,0,1,1,3,9,11/3/2015
2014-2015,Regular,PHX,W,98,80,36,14-24,14,24,58.3,7-13,7,13,53.8,1-2,1,2,50,6,5,0,4,3,4,36,9/3/2015
2014-2015,Regular,LAC,W,106,98,32,3-9,3,9,33.3,2-2,2,2,100,4-4,4,4,100,1,4,0,3,1,4,12,8/3/2015
2014-2015,Regular,DAL,W,104,89,31,6-11,6,11,54.5,5-8,5,8,62.5,5-6,5,6,83.3,2,7,1,2,2,3,22,6/3/2015
2014-2015,Regular,MIL,W,102,93,37,6-16,6,16,37.5,6-13,6,13,46.2,1-2,1,2,50,1,11,2,2,3,5,19,4/3/2015
2014-2015,Regular,BKN,L,108,110,29,8-16,8,16,50,6-12,6,12,50,4-4,4,4,100,2,7,0,1,4,4,26,2/3/2015
2014-2015,Regular,BOS,W,106,101,38,14-22,14,22,63.6,5-8,5,8,62.5,4-4,4,4,100,4,5,0,1,1,5,37,1/3/2015
2014-2015,Regular,TOR,W,113,89,25,8-13,8,13,61.5,3-4,3,4,75,3-3,3,3,100,6,5,0,2,0,2,22,27/2/2015
2014-2015,Regular,CLE,L,99,110,34,5-17,5,17,29.4,3-9,3,9,33.3,5-5,5,5,100,3,6,0,1,3,4,18,26/2/2015
2014-2015,Regular,WSH,W,114,107,34,11-18,11,18,61.1,5-9,5,9,55.6,5-5,5,5,100,0,8,0,2,1,0,32,24/2/2015
2014-2015,Regular,SAS,W,110,99,32,8-17,8,17,47.1,4-8,4,8,50,5-5,5,5,100,4,11,0,4,2,2,25,20/2/2015
2014-2015,Regular,MIN,W,94,91,36,9-23,9,23,39.1,2-10,2,10,20,5-5,5,5,100,5,8,0,3,1,3,25,11/2/2015
2014-2015,Regular,PHI,W,89,84,32,7-20,7,20,35,3-12,3,12,25,3-4,3,4,75,5,6,0,3,2,1,20,9/2/2015
2014-2015,Regular,NYK,W,106,92,31,8-18,8,18,44.4,5-9,5,9,55.6,1-3,1,3,33.3,6,0,0,2,0,3,22,7/2/2015
2014-2015,Regular,ATL,L,116,124,36,8-19,8,19,42.1,4-9,4,9,44.4,6-7,6,7,85.7,2,9,2,2,3,1,26,6/2/2015
2014-2015,Regular,DAL,W,128,114,37,16-26,16,26,61.5,10-16,10,16,62.5,9-11,9,11,81.8,4,4,0,1,3,3,51,4/2/2015
2014-2015,Regular,SAC,W,121,96,29,6-15,6,15,40,2-6,2,6,33.3,9-10,9,10,90,5,9,0,3,2,2,23,3/2/2015
2014-2015,Regular,PHX,W,106,87,37,9-23,9,23,39.1,4-9,4,9,44.4,3-3,3,3,100,4,7,1,2,2,1,25,31/1/2015
2014-2015,Regular,UTA,L,100,110,34,10-22,10,22,45.5,5-11,5,11,45.5,7-9,7,9,77.8,7,6,0,3,1,2,32,30/1/2015
2014-2015,Regular,CHI,L,111,113,43,9-23,9,23,39.1,2-9,2,9,22.2,1-1,1,1,100,4,9,0,3,3,3,21,27/1/2015
2014-2015,Regular,BOS,W,114,111,33,6-16,6,16,37.5,1-5,1,5,20,9-9,9,9,100,4,11,0,2,1,3,22,25/1/2015
2014-2015,Regular,SAC,W,126,101,29,3-11,3,11,27.3,2-7,2,7,28.6,2-2,2,2,100,4,11,0,2,0,6,10,23/1/2015
2014-2015,Regular,HOU,W,126,113,34,7-12,7,12,58.3,3-5,3,5,60,5-6,5,6,83.3,3,10,0,1,3,6,22,21/1/2015
2014-2015,Regular,DEN,W,122,79,25,7-13,7,13,53.8,2-5,2,5,40,4-4,4,4,100,1,8,2,1,2,1,20,19/1/2015
2014-2015,Regular,HOU,W,131,106,33,9-18,9,18,50,2-8,2,8,25,7-8,7,8,87.5,7,11,1,3,0,2,27,17/1/2015
2014-2015,Regular,OKC,L,115,127,31,6-13,6,13,46.2,2-6,2,6,33.3,5-5,5,5,100,3,6,0,2,2,6,19,16/1/2015
2014-2015,Regular,MIA,W,104,89,32,11-19,11,19,57.9,7-10,7,10,70,3-5,3,5,60,5,3,0,2,1,3,32,14/1/2015
2014-2015,Regular,UTA,W,116,105,29,10-16,10,16,62.5,4-9,4,9,44.4,3-3,3,3,100,2,11,0,0,2,2,27,13/1/2015
2014-2015,Regular,CLE,W,112,94,35,8-15,8,15,53.3,3-8,3,8,37.5,4-4,4,4,100,1,10,0,2,1,1,23,9/1/2015
2014-2015,Regular,IND,W,117,102,35,8-17,8,17,47.1,4-8,4,8,50,1-1,1,1,100,3,15,0,4,5,5,21,7/1/2015
2014-2015,Regular,OKC,W,117,91,31,7-14,7,14,50,1-4,1,4,25,4-4,4,4,100,9,6,0,4,2,2,19,5/1/2015
2014-2015,Regular,TOR,W,126,105,34,10-18,10,18,55.6,5-11,5,11,45.5,7-7,7,7,100,5,12,0,1,3,0,32,2/1/2015
2014-2015,Regular,PHI,W,126,86,27,4-7,4,7,57.1,3-6,3,6,50,2-2,2,2,100,3,9,0,3,3,3,13,30/12/2014
2014-2015,Regular,MIN,W,110,97,31,9-18,9,18,50,4-9,4,9,44.4,3-4,3,4,75,3,6,0,3,3,3,25,27/12/2014
2014-2015,Regular,LAC,L,86,100,36,5-12,5,12,41.7,1-5,1,5,20,3-4,3,4,75,9,7,0,2,3,5,14,25/12/2014
2014-2015,Regular,LAL,L,105,115,30,10-14,10,14,71.4,2-5,2,5,40,0-0,0,0,0,2,6,0,3,0,7,22,23/12/2014
2014-2015,Regular,SAC,W,128,108,26,5-12,5,12,41.7,1-5,1,5,20,1-1,1,1,100,2,11,0,3,1,1,12,22/12/2014
2014-2015,Regular,OKC,W,114,109,42,14-24,14,24,58.3,5-12,5,12,41.7,1-1,1,1,100,7,9,1,4,0,4,34,18/12/2014
2014-2015,Regular,MEM,L,98,105,39,9-25,9,25,36,1-10,1,10,10,0-0,0,0,0,7,6,0,4,2,3,19,16/12/2014
2014-2015,Regular,NOP,W,128,122,40,11-21,11,21,52.4,6-10,6,10,60,6-6,6,6,100,7,7,0,1,1,6,34,14/12/2014
2014-2015,Regular,DAL,W,105,98,37,9-22,9,22,40.9,3-11,3,11,27.3,8-9,8,9,88.9,3,8,0,2,1,1,29,13/12/2014
2014-2015,Regular,HOU,W,105,93,37,8-15,8,15,53.3,3-5,3,5,60,1-1,1,1,100,7,7,0,0,3,4,20,10/12/2014
2014-2015,Regular,MIN,W,102,86,31,10-20,10,20,50,1-7,1,7,14.3,0-0,0,0,0,4,7,1,3,3,3,21,8/12/2014
2014-2015,Regular,CHI,W,112,102,36,5-14,5,14,35.7,1-5,1,5,20,8-9,8,9,88.9,6,7,0,1,2,3,19,6/12/2014
2014-2015,Regular,NOP,W,112,85,31,8-17,8,17,47.1,3-6,3,6,50,0-0,0,0,0,3,11,1,4,0,2,19,4/12/2014
2014-2015,Regular,ORL,W,98,97,36,8-17,8,17,47.1,3-9,3,9,33.3,3-3,3,3,100,4,5,0,0,2,4,22,2/12/2014
2014-2015,Regular,DET,W,104,93,28,5-9,5,9,55.6,1-3,1,3,33.3,5-6,5,6,83.3,3,10,0,1,2,1,16,30/11/2014
2014-2015,Regular,CHA,W,106,101,32,9-20,9,20,45,1-10,1,10,10,7-7,7,7,100,4,6,2,1,4,4,26,28/11/2014
2014-2015,Regular,ORL,W,111,96,24,9-13,9,13,69.2,6-8,6,8,75,4-5,4,5,80,5,8,0,0,1,1,28,26/11/2014
2014-2015,Regular,MIA,W,114,97,37,12-19,12,19,63.2,8-11,8,11,72.7,8-9,8,9,88.9,6,7,1,3,2,2,40,25/11/2014
2014-2015,Regular,OKC,W,91,86,38,5-15,5,15,33.3,2-6,2,6,33.3,3-4,3,4,75,6,6,0,1,0,1,15,23/11/2014
2014-2015,Regular,UTA,W,101,88,25,3-9,3,9,33.3,2-6,2,6,33.3,0-0,0,0,0,5,10,0,2,2,4,8,21/11/2014
2014-2015,Regular,LAL,W,136,115,30,10-19,10,19,52.6,5-9,5,9,55.6,5-5,5,5,100,4,15,0,1,0,3,30,16/11/2014
2014-2015,Regular,CHA,W,112,87,28,8-15,8,15,53.3,3-6,3,6,50,0-1,0,1,0,5,9,0,1,3,1,19,15/11/2014
2014-2015,Regular,BKN,W,107,99,32,6-12,6,12,50,3-7,3,7,42.9,2-2,2,2,100,3,5,0,0,5,3,17,13/11/2014
2014-2015,Regular,SAS,L,100,113,36,7-18,7,18,38.9,0-7,0,7,0,2-2,2,2,100,6,5,0,0,2,3,16,11/11/2014
2014-2015,Regular,PHX,L,95,107,34,10-20,10,20,50,4-10,4,10,40,4-4,4,4,100,2,10,0,5,5,10,28,9/11/2014
2014-2015,Regular,HOU,W,98,87,40,13-19,13,19,68.4,6-9,6,9,66.7,2-2,2,2,100,9,5,0,4,2,5,34,8/11/2014
2014-2015,Regular,LAC,W,121,104,34,9-18,9,18,50,4-8,4,8,50,6-6,6,6,100,6,7,0,1,4,5,28,5/11/2014
2014-2015,Regular,POR,W,95,90,31,6-18,6,18,33.3,1-5,1,5,20,8-8,8,8,100,5,6,0,2,1,3,21,2/11/2014
2014-2015,Regular,LAL,W,127,104,34,10-19,10,19,52.6,3-8,3,8,37.5,8-8,8,8,100,5,10,0,3,3,2,31,1/11/2014
2014-2015,Regular,SAC,W,95,77,37,7-17,7,17,41.2,2-9,2,9,22.2,8-9,8,9,88.9,10,5,0,6,5,4,24,29/10/2014
2014-2015,Pre,DEN,W,119,112,34,5-15,5,15,33.3,3-7,3,7,42.9,4-4,4,4,100,2,11,0,2,1,3,17,24/10/2014
2014-2015,Pre,LAC,W,125,107,31,9-13,9,13,69.2,4-5,4,5,80,5-8,5,8,62.5,2,6,1,3,1,6,27,21/10/2014
2014-2015,Pre,MIA,L,108,115,32,2-10,2,10,20,1-7,1,7,14.3,2-2,2,2,100,3,7,0,3,4,1,7,17/10/2014
2014-2015,Pre,DEN,W,104,101,17,5-9,5,9,55.6,3-3,3,3,100,0-0,0,0,0,1,4,0,1,2,2,13,16/10/2014
2014-2015,Pre,LAL,W,116,75,24,8-11,8,11,72.7,4-7,4,7,57.1,5-5,5,5,100,6,6,1,2,2,3,25,12/10/2014
2014-2015,Pre,LAL,W,120,105,27,6-9,6,9,66.7,3-4,3,4,75,5-5,5,5,100,5,6,0,1,2,3,20,9/10/2014
2014-2015,Pre,LAC,W,112,94,18,2-7,2,7,28.6,0-2,0,2,0,8-11,8,11,72.7,1,3,0,0,6,3,12,7/10/2014
2015-2016,Post,CLE,L,89,93,39,6-19,6,19,31.6,4-14,4,14,28.6,1-1,1,1,100,5,2,1,1,4,4,17,19/6/2016
2015-2016,Post,CLE,L,101,115,35,8-20,8,20,40,6-13,6,13,46.2,8-9,8,9,88.9,2,1,0,1,6,4,30,16/6/2016
2015-2016,Post,CLE,L,97,112,40,8-21,8,21,38.1,5-15,5,15,33.3,4-4,4,4,100,7,4,3,0,2,4,25,13/6/2016
2015-2016,Post,CLE,W,108,97,40,11-25,11,25,44,7-13,7,13,53.8,9-10,9,10,90,5,6,0,2,3,3,38,10/6/2016
2015-2016,Post,CLE,L,90,120,31,6-13,6,13,46.2,3-9,3,9,33.3,4-4,4,4,100,1,3,0,2,4,6,19,8/6/2016
2015-2016,Post,CLE,W,110,77,25,7-11,7,11,63.6,4-8,4,8,50,0-0,0,0,0,9,4,1,0,4,4,18,5/6/2016
2015-2016,Post,CLE,W,104,89,36,4-15,4,15,26.7,3-8,3,8,37.5,0-0,0,0,0,5,6,0,0,2,5,11,2/6/2016
2015-2016,Post,OKC,W,96,88,40,13-24,13,24,54.2,7-12,7,12,58.3,3-3,3,3,100,5,8,0,0,1,3,36,30/5/2016
2015-2016,Post,OKC,W,108,101,41,9-22,9,22,40.9,6-14,6,14,42.9,7-9,7,9,77.8,10,9,0,2,3,3,31,28/5/2016
2015-2016,Post,OKC,W,120,111,37,9-20,9,20,45,3-8,3,8,37.5,10-10,10,10,100,7,6,0,5,0,5,31,26/5/2016
2015-2016,Post,OKC,L,94,118,39,6-20,6,20,30,2-10,2,10,20,5-7,5,7,71.4,5,5,0,2,2,6,19,24/5/2016
2015-2016,Post,OKC,L,105,133,30,7-17,7,17,41.2,3-11,3,11,27.3,7-8,7,8,87.5,5,3,0,2,1,1,24,22/5/2016
2015-2016,Post,OKC,W,118,91,30,9-15,9,15,60,5-8,5,8,62.5,5-5,5,5,100,2,3,0,1,0,3,28,18/5/2016
2015-2016,Post,OKC,L,102,108,40,9-22,9,22,40.9,6-14,6,14,42.9,2-2,2,2,100,10,7,0,3,3,7,26,16/5/2016
2015-2016,Post,POR,W,125,121,37,10-20,10,20,50,5-11,5,11,45.5,4-4,4,4,100,5,11,0,1,2,4,29,11/5/2016
2015-2016,Post,POR,W,132,125,37,16-32,16,32,50,5-16,5,16,31.3,3-3,3,3,100,9,8,0,0,2,4,40,9/5/2016
2015-2016,Post,HOU,W,121,94,19,2-9,2,9,22.2,1-7,1,7,14.3,1-1,1,1,100,0,5,0,1,0,5,6,24/4/2016
2015-2016,Post,HOU,W,104,78,20,8-13,8,13,61.5,5-7,5,7,71.4,3-3,3,3,100,7,2,0,3,0,4,24,16/4/2016
2015-2016,Regular,MEM,W,125,104,30,15-24,15,24,62.5,10-19,10,19,52.6,6-6,6,6,100,4,6,0,2,2,2,46,13/4/2016
2015-2016,Regular,SAS,W,92,86,35,13-22,13,22,59.1,4-9,4,9,44.4,7-7,7,7,100,5,5,0,2,4,4,37,10/4/2016
2015-2016,Regular,MEM,W,100,99,34,7-22,7,22,31.8,3-14,3,14,21.4,0-0,0,0,0,9,8,0,1,1,2,17,9/4/2016
2015-2016,Regular,SAS,W,112,101,36,11-19,11,19,57.9,3-7,3,7,42.9,2-2,2,2,100,5,9,0,2,2,3,27,7/4/2016
2015-2016,Regular,MIN,L,117,124,43,7-25,7,25,28,4-14,4,14,28.6,3-3,3,3,100,6,15,0,3,4,3,21,5/4/2016
2015-2016,Regular,POR,W,136,111,35,13-21,13,21,61.9,9-13,9,13,69.2,4-4,4,4,100,6,7,1,2,2,4,39,3/4/2016
2015-2016,Regular,BOS,L,106,109,37,9-19,9,19,47.4,8-14,8,14,57.1,3-3,3,3,100,5,6,0,1,2,9,29,1/4/2016
2015-2016,Regular,UTA,W,103,96,42,11-23,11,23,47.8,5-10,5,10,50,4-5,4,5,80,7,4,0,2,4,5,31,30/3/2016
2015-2016,Regular,WSH,W,102,94,35,9-20,9,20,45,6-8,6,8,75,2-2,2,2,100,7,7,0,5,3,5,26,29/3/2016
2015-2016,Regular,PHI,W,117,105,33,7-16,7,16,43.8,2-9,2,9,22.2,4-5,4,5,80,3,8,0,4,0,4,20,27/3/2016
2015-2016,Regular,DAL,W,128,120,35,9-18,9,18,50,5-12,5,12,41.7,10-11,10,11,90.9,8,8,0,4,0,3,33,25/3/2016
2015-2016,Regular,LAC,W,114,98,37,12-23,12,23,52.2,4-10,4,10,40,5-6,5,6,83.3,4,5,0,3,3,1,33,23/3/2016
2015-2016,Regular,MIN,W,109,104,35,6-17,6,17,35.3,2-9,2,9,22.2,5-6,5,6,83.3,7,11,1,3,4,5,19,21/3/2016
2015-2016,Regular,SAS,L,79,87,38,4-18,4,18,22.2,1-12,1,12,8.3,5-5,5,5,100,6,6,0,2,0,2,14,19/3/2016
2015-2016,Regular,DAL,W,130,112,34,12-26,12,26,46.2,6-12,6,12,50,1-1,1,1,100,9,10,0,2,2,1,31,18/3/2016
2015-2016,Regular,NYK,W,121,85,28,12-20,12,20,60,8-13,8,13,61.5,2-2,2,2,100,6,4,0,0,2,2,34,16/3/2016
2015-2016,Regular,NOP,W,125,107,31,10-16,10,16,62.5,4-9,4,9,44.4,3-4,3,4,75,5,5,0,2,1,1,27,14/3/2016
2015-2016,Regular,PHX,W,123,116,35,12-24,12,24,50,7-16,7,16,43.8,4-4,4,4,100,3,6,0,0,4,1,35,12/3/2016
2015-2016,Regular,POR,W,128,112,29,13-23,13,23,56.5,7-14,7,14,50,1-2,1,2,50,3,4,0,2,2,3,34,11/3/2016
2015-2016,Regular,UTA,W,115,94,32,4-12,4,12,33.3,3-9,3,9,33.3,1-2,1,2,50,3,10,0,3,2,3,12,9/3/2016
2015-2016,Regular,ORL,W,119,113,37,14-24,14,24,58.3,7-13,7,13,53.8,6-6,6,6,100,13,3,0,4,3,5,41,7/3/2016
2015-2016,Regular,LAL,L,95,112,34,6-20,6,20,30,1-10,1,10,10,5-5,5,5,100,6,4,0,1,2,4,18,6/3/2016
2015-2016,Regular,OKC,W,121,106,37,12-25,12,25,48,5-15,5,15,33.3,4-5,4,5,80,4,4,1,1,2,1,33,3/3/2016
2015-2016,Regular,OKC,W,121,118,38,14-24,14,24,58.3,12-16,12,16,75,6-8,6,8,75,3,6,0,2,1,3,46,27/2/2016
2015-2016,Regular,ORL,W,130,114,34,20-27,20,27,74.1,10-15,10,15,66.7,1-1,1,1,100,7,8,1,0,1,5,51,25/2/2016
2015-2016,Regular,MIA,W,118,112,36,14-29,14,29,48.3,6-12,6,12,50,8-8,8,8,100,7,7,1,1,0,7,42,24/2/2016
2015-2016,Regular,ATL,W,102,92,36,14-22,14,22,63.6,5-11,5,11,45.5,3-3,3,3,100,6,8,0,3,2,2,36,22/2/2016
2015-2016,Regular,LAC,W,115,112,36,5-15,5,15,33.3,3-8,3,8,37.5,10-12,10,12,83.3,3,9,0,3,2,3,23,20/2/2016
2015-2016,Regular,POR,L,105,137,26,12-23,12,23,52.2,7-13,7,13,53.8,0-0,0,0,0,3,5,0,2,4,3,31,19/2/2016
2015-2016,Regular,PHX,W,112,104,30,9-17,9,17,52.9,5-10,5,10,50,3-4,3,4,75,9,9,1,1,1,2,26,10/2/2016
2015-2016,Regular,HOU,W,123,110,38,12-24,12,24,50,7-16,7,16,43.8,4-4,4,4,100,5,9,0,1,2,1,35,9/2/2016
2015-2016,Regular,OKC,W,116,108,38,10-26,10,26,38.5,1-9,1,9,11.1,5-5,5,5,100,6,10,0,3,2,3,26,6/2/2016
2015-2016,Regular,WSH,W,134,121,36,19-28,19,28,67.9,11-15,11,15,73.3,2-3,2,3,66.7,7,2,0,3,3,7,51,3/2/2016
2015-2016,Regular,NYK,W,116,95,32,5-17,5,17,29.4,3-11,3,11,27.3,0-0,0,0,0,4,4,0,3,1,3,13,31/1/2016
2015-2016,Regular,PHI,W,108,105,34,9-19,9,19,47.4,5-11,5,11,45.5,0-0,0,0,0,5,6,2,1,3,8,23,30/1/2016
2015-2016,Regular,DAL,W,127,107,32,4-11,4,11,36.4,3-7,3,7,42.9,3-3,3,3,100,2,9,1,3,2,0,14,27/1/2016
2015-2016,Regular,SAS,W,120,90,28,12-20,12,20,60,6-9,6,9,66.7,7-7,7,7,100,2,3,0,5,0,1,37,25/1/2016
2015-2016,Regular,IND,W,122,110,37,11-19,11,19,57.9,8-15,8,15,53.3,9-9,9,9,100,10,12,0,1,1,2,39,22/1/2016
2015-2016,Regular,CHI,W,125,94,34,8-18,8,18,44.4,3-9,3,9,33.3,6-6,6,6,100,7,11,1,2,2,2,25,20/1/2016
2015-2016,Regular,CLE,W,132,98,28,12-18,12,18,66.7,7-12,7,12,58.3,4-4,4,4,100,5,4,0,3,3,1,35,18/1/2016
2015-2016,Regular,DET,L,95,113,37,13-26,13,26,50,7-15,7,15,46.7,5-6,5,6,83.3,7,5,0,2,1,2,38,16/1/2016
2015-2016,Regular,LAL,W,116,98,30,9-18,9,18,50,8-16,8,16,50,0-0,0,0,0,6,3,0,1,3,3,26,14/1/2016
2015-2016,Regular,DEN,L,110,112,40,13-25,13,25,52,5-12,5,12,41.7,7-7,7,7,100,5,9,1,3,1,8,38,13/1/2016
2015-2016,Regular,MIA,W,111,103,38,11-27,11,27,40.7,4-11,4,11,36.4,5-6,5,6,83.3,2,6,0,1,2,1,31,11/1/2016
2015-2016,Regular,SAC,W,128,116,38,12-21,12,21,57.1,8-14,8,14,57.1,6-7,6,7,85.7,6,11,1,1,3,4,38,9/1/2016
2015-2016,Regular,POR,W,128,108,29,8-18,8,18,44.4,4-11,4,11,36.4,6-6,6,6,100,3,9,0,1,2,1,26,8/1/2016
2015-2016,Regular,LAL,W,109,88,26,6-13,6,13,46.2,4-8,4,8,50,1-1,1,1,100,1,6,0,3,2,3,17,5/1/2016
2015-2016,Regular,CHA,W,111,101,32,12-21,12,21,57.1,5-10,5,10,50,1-1,1,1,100,3,4,0,2,4,2,30,4/1/2016
2015-2016,Regular,DEN,W,111,108,14,2-6,2,6,33.3,1-5,1,5,20,0-0,0,0,0,1,4,0,2,1,2,5,2/1/2016
2015-2016,Regular,SAC,W,122,103,30,7-16,7,16,43.8,6-13,6,13,46.2,3-4,3,4,75,14,10,0,2,3,2,23,28/12/2015
2015-2016,Regular,CLE,W,89,83,37,6-15,6,15,40,1-4,1,4,25,6-6,6,6,100,7,7,0,2,3,3,19,25/12/2015
2015-2016,Regular,UTA,W,103,85,34,5-14,5,14,35.7,2-8,2,8,25,4-4,4,4,100,5,9,0,3,2,3,16,23/12/2015
2015-2016,Regular,MIL,W,121,112,39,7-14,7,14,50,2-6,2,6,33.3,10-11,10,11,90.9,10,9,0,2,2,6,26,18/12/2015
2015-2016,Regular,PHX,W,128,103,30,10-14,10,14,71.4,2-5,2,5,40,3-5,3,5,60,2,7,0,1,4,3,25,16/12/2015
2015-2016,Regular,MIL,L,95,108,35,10-22,10,22,45.5,2-9,2,9,22.2,6-7,6,7,85.7,7,5,0,1,2,2,28,12/12/2015
2015-2016,Regular,BOS,W,124,119,47,9-27,9,27,33.3,6-13,6,13,46.2,14-14,14,14,100,11,8,0,2,4,8,38,11/12/2015
2015-2016,Regular,IND,W,131,123,36,11-23,11,23,47.8,3-10,3,10,30,4-6,4,6,66.7,7,10,0,3,1,4,29,8/12/2015
2015-2016,Regular,BKN,W,114,98,32,11-17,11,17,64.7,5-9,5,9,55.6,1-4,1,4,25,5,2,0,1,2,4,28,6/12/2015
2015-2016,Regular,TOR,W,112,109,38,14-24,14,24,58.3,9-15,9,15,60,7-9,7,9,77.8,2,7,0,0,4,3,44,5/12/2015
2015-2016,Regular,CHA,W,116,99,31,14-18,14,18,77.8,8-11,8,11,72.7,4-4,4,4,100,3,5,0,0,2,5,40,2/12/2015
2015-2016,Regular,UTA,W,106,103,37,9-20,9,20,45,4-8,4,8,50,4-4,4,4,100,6,5,0,2,2,2,26,30/11/2015
2015-2016,Regular,SAC,W,120,101,30,4-7,4,7,57.1,3-6,3,6,50,8-8,8,8,100,4,6,0,3,1,1,19,28/11/2015
2015-2016,Regular,PHX,W,135,116,31,11-20,11,20,55,9-16,9,16,56.3,10-11,10,11,90.9,6,8,0,2,2,6,41,27/11/2015
2015-2016,Regular,LAL,W,111,77,30,10-21,10,21,47.6,4-12,4,12,33.3,0-0,0,0,0,4,9,0,2,1,0,24,24/11/2015
2015-2016,Regular,DEN,W,118,105,28,8-16,8,16,50,3-8,3,8,37.5,0-0,0,0,0,4,7,0,3,0,4,19,22/11/2015
2015-2016,Regular,CHI,W,106,94,36,9-20,9,20,45,3-11,3,11,27.3,6-6,6,6,100,5,4,0,4,2,6,27,20/11/2015
2015-2016,Regular,LAC,W,124,117,37,11-22,11,22,50,6-14,6,14,42.9,12-12,12,12,100,11,4,0,3,2,7,40,19/11/2015
2015-2016,Regular,TOR,W,115,110,40,13-23,13,23,56.5,5-10,5,10,50,6-7,6,7,85.7,2,9,0,2,1,7,37,17/11/2015
2015-2016,Regular,BKN,W,107,99,44,13-31,13,31,41.9,5-16,5,16,31.3,3-3,3,3,100,3,6,0,1,1,4,34,14/11/2015
2015-2016,Regular,MIN,W,129,116,38,15-25,15,25,60,8-13,8,13,61.5,8-8,8,8,100,5,4,0,2,3,3,46,12/11/2015
2015-2016,Regular,MEM,W,100,84,35,9-21,9,21,42.9,3-10,3,10,30,7-7,7,7,100,5,5,1,5,1,4,28,11/11/2015
2015-2016,Regular,DET,W,109,95,37,7-18,7,18,38.9,3-7,3,7,42.9,5-6,5,6,83.3,5,5,0,3,1,5,22,9/11/2015
2015-2016,Regular,SAC,W,103,94,39,8-18,8,18,44.4,2-10,2,10,20,6-7,6,7,85.7,6,3,0,2,1,6,24,7/11/2015
2015-2016,Regular,DEN,W,119,104,35,12-22,12,22,54.5,8-16,8,16,50,2-3,2,3,66.7,7,10,1,3,1,4,34,6/11/2015
2015-2016,Regular,LAC,W,112,108,33,8-17,8,17,47.1,7-11,7,11,63.6,8-9,8,9,88.9,5,4,0,1,3,0,31,4/11/2015
2015-2016,Regular,MEM,W,119,69,28,10-16,10,16,62.5,4-8,4,8,50,6-6,6,6,100,3,3,1,3,2,3,30,2/11/2015
2015-2016,Regular,NOP,W,134,120,36,17-27,17,27,63,8-14,8,14,57.1,11-11,11,11,100,4,9,0,4,3,2,53,31/10/2015
2015-2016,Regular,HOU,W,112,92,27,9-15,9,15,60,4-9,4,9,44.4,3-4,3,4,75,7,6,0,1,4,1,25,30/10/2015
2015-2016,Regular,NOP,W,111,95,36,14-26,14,26,53.8,5-12,5,12,41.7,7-7,7,7,100,6,7,0,2,1,2,40,27/10/2015
2015-2016,Pre,LAL,W,136,97,29,9-14,9,14,64.3,4-8,4,8,50,2-2,2,2,100,4,10,0,4,4,5,24,22/10/2015
2015-2016,Pre,LAL,L,70,85,22,7-13,7,13,53.8,5-10,5,10,50,0-0,0,0,0,3,4,0,0,0,3,19,17/10/2015
2015-2016,Pre,HOU,W,123,101,17,6-7,6,7,85.7,1-1,1,1,100,6-6,6,6,100,1,6,0,1,1,0,19,15/10/2015
2015-2016,Pre,DEN,L,103,114,26,5-13,5,13,38.5,1-8,1,8,12.5,3-5,3,5,60,1,7,0,1,4,4,14,13/10/2015
2015-2016,Pre,POR,L,101,118,26,6-14,6,14,42.9,6-11,6,11,54.5,12-15,12,15,80,2,7,1,1,1,2,30,8/10/2015
2015-2016,Pre,TOR,W,95,87,19,5-7,5,7,71.4,3-5,3,5,60,1-2,1,2,50,4,2,0,0,6,4,14,5/10/2015
2016-2017,Post,CLE,W,129,120,41,10-20,10,20,50,2-9,2,9,22.2,12-15,12,15,80,6,10,0,3,3,4,34,12/6/2017
2016-2017,Post,CLE,L,116,137,38,4-13,4,13,30.8,2-9,2,9,22.2,4-5,4,5,80,5,10,0,2,2,4,14,9/6/2017
2016-2017,Post,CLE,W,118,113,39,8-19,8,19,42.1,5-9,5,9,55.6,5-5,5,5,100,13,6,0,2,3,1,26,7/6/2017
2016-2017,Post,CLE,W,132,113,36,7-17,7,17,41.2,4-11,4,11,36.4,14-14,14,14,100,10,11,0,1,3,8,32,4/6/2017
2016-2017,Post,CLE,W,113,91,34,11-22,11,22,50,6-11,6,11,54.5,0-0,0,0,0,6,10,0,3,3,2,28,1/6/2017
2016-2017,Post,SAS,W,129,115,34,14-24,14,24,58.3,5-13,5,13,38.5,3-3,3,3,100,5,6,0,0,2,6,36,22/5/2017
2016-2017,Post,SAS,W,120,108,34,8-15,8,15,53.3,3-7,3,7,42.9,2-2,2,2,100,5,3,0,6,3,5,21,20/5/2017
2016-2017,Post,SAS,W,136,100,31,8-13,8,13,61.5,6-9,6,9,66.7,7-7,7,7,100,7,7,0,3,3,2,29,16/5/2017
2016-2017,Post,SAS,W,113,111,39,14-26,14,26,53.8,7-16,7,16,43.8,5-7,5,7,71.4,7,3,0,3,0,3,40,14/5/2017
2016-2017,Post,UTA,W,121,95,35,9-15,9,15,60,4-10,4,10,40,8-8,8,8,100,5,7,1,0,2,2,30,8/5/2017
2016-2017,Post,UTA,W,102,91,37,6-20,6,20,30,3-11,3,11,27.3,8-9,8,9,88.9,5,4,0,0,2,0,23,6/5/2017
2016-2017,Post,UTA,W,115,104,38,8-15,8,15,53.3,5-8,5,8,62.5,2-2,2,2,100,4,6,0,2,3,3,23,4/5/2017
2016-2017,Post,UTA,W,106,94,30,7-11,7,11,63.6,1-4,1,4,25,7-7,7,7,100,7,5,0,1,1,4,22,2/5/2017
2016-2017,Post,POR,W,128,103,30,12-20,12,20,60,7-11,7,11,63.6,6-7,6,7,85.7,7,8,0,1,0,4,37,24/4/2017
2016-2017,Post,POR,W,119,113,39,10-25,10,25,40,5-14,5,14,35.7,9-10,9,10,90,4,8,1,2,1,1,34,22/4/2017
2016-2017,Post,POR,W,110,81,31,6-18,6,18,33.3,4-12,4,12,33.3,3-5,3,5,60,5,6,1,4,1,4,19,19/4/2017
2016-2017,Post,POR,W,121,109,36,9-19,9,19,47.4,3-8,3,8,37.5,8-8,8,8,100,5,4,1,1,5,5,29,16/4/2017
2016-2017,Regular,LAL,W,109,94,28,6-17,6,17,35.3,5-14,5,14,35.7,3-4,3,4,75,5,8,0,2,1,5,20,12/4/2017
2016-2017,Regular,UTA,L,99,105,30,9-16,9,16,56.3,6-8,6,8,75,4-5,4,5,80,4,4,0,1,1,1,28,10/4/2017
2016-2017,Regular,PHX,W,120,111,35,15-25,15,25,60,8-12,8,12,66.7,4-7,4,7,57.1,4,11,2,2,0,3,42,5/4/2017
2016-2017,Regular,MIN,W,121,107,30,7-18,7,18,38.9,3-8,3,8,37.5,2-4,2,4,50,3,9,2,3,2,3,19,4/4/2017
2016-2017,Regular,WSH,W,139,115,36,15-22,15,22,68.2,9-14,9,14,64.3,3-3,3,3,100,1,8,0,1,3,1,42,2/4/2017
2016-2017,Regular,HOU,W,107,98,35,8-18,8,18,44.4,4-9,4,9,44.4,4-5,4,5,80,7,5,0,2,4,2,24,31/3/2017
2016-2017,Regular,SAS,W,110,98,35,9-20,9,20,45,4-8,4,8,50,7-7,7,7,100,4,11,0,1,5,2,29,29/3/2017
2016-2017,Regular,HOU,W,113,106,33,11-22,11,22,50,3-11,3,11,27.3,7-10,7,10,70,10,7,0,2,5,6,32,28/3/2017
2016-2017,Regular,MEM,W,106,94,36,8-18,8,18,44.4,5-12,5,12,41.7,0-0,0,0,0,1,11,0,4,1,5,21,26/3/2017
2016-2017,Regular,SAC,W,114,100,33,9-18,9,18,50,5-11,5,11,45.5,4-4,4,4,100,7,12,0,6,0,3,27,24/3/2017
2016-2017,Regular,DAL,W,112,87,30,7-14,7,14,50,3-9,3,9,33.3,0-0,0,0,0,5,9,0,2,1,0,17,21/3/2017
2016-2017,Regular,OKC,W,111,95,30,8-17,8,17,47.1,7-12,7,12,58.3,0-0,0,0,0,4,6,0,0,3,5,23,20/3/2017
2016-2017,Regular,MIL,W,117,92,30,9-13,9,13,69.2,6-8,6,8,75,4-4,4,4,100,4,4,1,1,3,3,28,18/3/2017
2016-2017,Regular,ORL,W,122,92,28,8-15,8,15,53.3,2-7,2,7,28.6,7-7,7,7,100,1,9,0,3,1,2,25,16/3/2017
2016-2017,Regular,PHI,W,106,104,37,8-23,8,23,34.8,5-13,5,13,38.5,8-8,8,8,100,6,5,0,3,3,5,29,14/3/2017
2016-2017,Regular,MIN,L,102,103,35,10-27,10,27,37,1-8,1,8,12.5,5-5,5,5,100,6,7,0,1,4,6,26,10/3/2017
2016-2017,Regular,BOS,L,86,99,35,8-16,8,16,50,2-9,2,9,22.2,5-5,5,5,100,5,6,1,0,4,4,23,8/3/2017
2016-2017,Regular,ATL,W,119,111,35,8-20,8,20,40,6-15,6,15,40,2-3,2,3,66.7,4,9,0,0,4,2,24,6/3/2017
2016-2017,Regular,NYK,W,112,105,37,11-24,11,24,45.8,5-13,5,13,38.5,4-6,4,6,66.7,8,6,0,2,2,2,31,5/3/2017
2016-2017,Regular,CHI,L,87,94,35,10-27,10,27,37,2-11,2,11,18.2,1-1,1,1,100,6,5,0,5,4,4,23,2/3/2017
2016-2017,Regular,WSH,L,108,112,34,9-20,9,20,45,2-9,2,9,22.2,5-6,5,6,83.3,7,4,0,2,3,5,25,28/2/2017
2016-2017,Regular,PHI,W,119,108,35,7-23,7,23,30.4,0-11,0,11,0,5-5,5,5,100,4,6,0,2,2,4,19,27/2/2017
2016-2017,Regular,BKN,W,112,95,35,9-21,9,21,42.9,5-10,5,10,50,4-4,4,4,100,5,5,0,3,2,4,27,25/2/2017
2016-2017,Regular,LAC,W,123,113,32,10-16,10,16,62.5,6-10,6,10,60,9-10,9,10,90,7,5,0,4,5,4,35,23/2/2017
2016-2017,Regular,SAC,W,109,86,30,4-14,4,14,28.6,2-8,2,8,25,3-4,3,4,75,6,9,2,0,2,3,13,15/2/2017
2016-2017,Regular,DEN,L,110,132,27,4-18,4,18,22.2,1-11,1,11,9.1,2-2,2,2,100,2,5,0,1,1,1,11,13/2/2017
2016-2017,Regular,OKC,W,130,114,34,9-19,9,19,47.4,4-11,4,11,36.4,4-4,4,4,100,8,9,0,2,2,0,26,11/2/2017
2016-2017,Regular,MEM,W,122,107,35,6-13,6,13,46.2,2-6,2,6,33.3,4-5,4,5,80,4,5,0,0,3,3,18,10/2/2017
2016-2017,Regular,CHI,W,123,92,28,5-11,5,11,45.5,1-4,1,4,25,2-2,2,2,100,1,6,0,1,4,2,13,8/2/2017
2016-2017,Regular,SAC,L,106,109,42,11-20,11,20,55,8-14,8,14,57.1,5-6,5,6,83.3,4,9,0,3,2,3,35,4/2/2017
2016-2017,Regular,LAC,W,133,120,37,11-23,11,23,47.8,3-10,3,10,30,4-4,4,4,100,3,11,0,3,1,4,29,2/2/2017
2016-2017,Regular,CHA,W,126,111,30,14-20,14,20,70,11-15,11,15,73.3,0-0,0,0,0,5,8,0,3,2,1,39,1/2/2017
2016-2017,Regular,LAC,W,144,98,29,15-23,15,23,65.2,9-15,9,15,60,4-4,4,4,100,9,6,0,0,1,2,43,28/1/2017
2016-2017,Regular,CHA,W,113,103,36,11-23,11,23,47.8,6-12,6,12,50,0-0,0,0,0,2,7,1,1,2,4,28,25/1/2017
2016-2017,Regular,MIA,L,102,105,37,7-19,7,19,36.8,3-9,3,9,33.3,4-5,4,5,80,9,8,1,0,2,4,21,23/1/2017
2016-2017,Regular,ORL,W,118,98,30,8-15,8,15,53.3,7-13,7,13,53.8,4-4,4,4,100,4,6,0,0,2,3,27,22/1/2017
2016-2017,Regular,HOU,W,125,108,33,8-18,8,18,44.4,5-11,5,11,45.5,3-5,3,5,60,1,7,0,1,1,1,24,20/1/2017
2016-2017,Regular,OKC,W,121,100,34,9-19,9,19,47.4,2-6,2,6,33.3,4-4,4,4,100,4,8,0,3,0,3,24,18/1/2017
2016-2017,Regular,CLE,W,126,91,31,7-20,7,20,35,5-12,5,12,41.7,1-2,1,2,50,2,11,0,4,2,3,20,16/1/2017
2016-2017,Regular,DET,W,127,107,30,9-17,9,17,52.9,3-9,3,9,33.3,3-3,3,3,100,2,7,0,5,0,8,24,12/1/2017
2016-2017,Regular,MIA,W,107,95,36,8-21,8,21,38.1,4-11,4,11,36.4,4-5,4,5,80,8,9,1,1,0,3,24,10/1/2017
2016-2017,Regular,SAC,W,117,106,37,11-22,11,22,50,5-11,5,11,45.5,3-3,3,3,100,4,6,0,2,3,4,30,8/1/2017
2016-2017,Regular,MEM,L,119,128,42,15-27,15,27,55.6,5-13,5,13,38.5,5-5,5,5,100,3,6,1,1,2,4,40,6/1/2017
2016-2017,Regular,POR,W,125,117,36,12-25,12,25,48,5-13,5,13,38.5,6-8,6,8,75,7,5,0,1,1,5,35,4/1/2017
2016-2017,Regular,DEN,W,127,119,35,8-18,8,18,44.4,3-9,3,9,33.3,3-3,3,3,100,3,5,0,0,2,3,22,2/1/2017
2016-2017,Regular,DAL,W,108,99,30,5-12,5,12,41.7,3-6,3,6,50,1-1,1,1,100,4,5,0,1,2,1,14,30/12/2016
2016-2017,Regular,TOR,W,121,111,36,9-18,9,18,50,3-6,3,6,50,7-7,7,7,100,7,7,0,0,3,2,28,28/12/2016
2016-2017,Regular,CLE,L,108,109,37,4-11,4,11,36.4,2-7,2,7,28.6,5-6,5,6,83.3,3,3,0,3,4,3,15,25/12/2016
2016-2017,Regular,DET,W,119,113,35,7-16,7,16,43.8,5-10,5,10,50,6-6,6,6,100,3,8,0,2,1,5,25,23/12/2016
2016-2017,Regular,BKN,W,117,101,33,6-19,6,19,31.6,3-13,3,13,23.1,0-0,0,0,0,2,7,0,5,5,2,15,22/12/2016
2016-2017,Regular,UTA,W,104,74,30,8-18,8,18,44.4,4-9,4,9,44.4,5-5,5,5,100,3,4,0,3,0,0,25,20/12/2016
2016-2017,Regular,POR,W,135,90,27,6-11,6,11,54.5,5-8,5,8,62.5,2-2,2,2,100,3,6,0,0,3,3,19,17/12/2016
2016-2017,Regular,NYK,W,103,90,34,3-14,3,14,21.4,2-8,2,8,25,0-0,0,0,0,10,8,0,1,0,3,8,15/12/2016
2016-2017,Regular,NOP,W,113,109,34,11-23,11,23,47.8,5-9,5,9,55.6,3-4,3,4,75,4,7,0,1,2,2,30,13/12/2016
2016-2017,Regular,MIN,W,116,108,32,6-13,6,13,46.2,2-5,2,5,40,8-8,8,8,100,4,9,0,1,3,0,22,11/12/2016
2016-2017,Regular,MEM,L,89,110,31,4-14,4,14,28.6,3-11,3,11,27.3,6-6,6,6,100,8,3,0,0,3,4,17,10/12/2016
2016-2017,Regular,UTA,W,106,99,36,7-16,7,16,43.8,3-9,3,9,33.3,9-9,9,9,100,5,2,0,2,2,3,26,8/12/2016
2016-2017,Regular,LAC,W,115,98,33,7-16,7,16,43.8,0-8,0,8,0,5-5,5,5,100,4,6,0,7,3,3,19,7/12/2016
2016-2017,Regular,IND,W,142,106,29,4-10,4,10,40,2-7,2,7,28.6,3-4,3,4,75,4,11,1,2,4,0,13,5/12/2016
2016-2017,Regular,PHX,W,138,109,30,10-15,10,15,66.7,5-7,5,7,71.4,6-6,6,6,100,2,1,0,1,2,3,31,3/12/2016
2016-2017,Regular,HOU,L,127,132,38,9-22,9,22,40.9,4-13,4,13,30.8,6-6,6,6,100,3,5,1,3,6,5,28,1/12/2016
2016-2017,Regular,ATL,W,105,100,38,6-17,6,17,35.3,4-11,4,11,36.4,9-11,9,11,81.8,3,3,0,2,2,3,25,28/11/2016
2016-2017,Regular,MIN,W,115,102,37,13-19,13,19,68.4,4-8,4,8,50,4-4,4,4,100,8,6,0,1,4,6,34,26/11/2016
2016-2017,Regular,LAL,W,109,85,36,8-17,8,17,47.1,4-10,4,10,40,4-4,4,4,100,5,5,0,3,1,3,24,25/11/2016
2016-2017,Regular,LAL,W,149,106,29,11-18,11,18,61.1,7-12,7,12,58.3,2-2,2,2,100,5,9,0,1,1,1,31,23/11/2016
2016-2017,Regular,IND,W,120,83,30,6-11,6,11,54.5,2-6,2,6,33.3,8-8,8,8,100,6,6,0,1,1,1,22,21/11/2016
2016-2017,Regular,MIL,W,124,121,35,7-21,7,21,33.3,1-11,1,11,9.1,5-5,5,5,100,5,5,0,1,4,3,20,19/11/2016
2016-2017,Regular,BOS,W,104,88,36,7-20,7,20,35,2-10,2,10,20,0-0,0,0,0,3,8,1,4,4,2,16,18/11/2016
2016-2017,Regular,TOR,W,127,121,37,10-19,10,19,52.6,3-9,3,9,33.3,12-13,12,13,92.3,3,7,0,1,3,3,35,16/11/2016
2016-2017,Regular,PHX,W,133,120,37,9-17,9,17,52.9,5-9,5,9,55.6,7-7,7,7,100,6,6,0,2,2,3,30,13/11/2016
2016-2017,Regular,DEN,W,125,101,30,10-17,10,17,58.8,7-13,7,13,53.8,6-6,6,6,100,5,6,0,1,1,4,33,10/11/2016
2016-2017,Regular,DAL,W,116,95,31,8-12,8,12,66.7,4-8,4,8,50,4-4,4,4,100,3,6,0,1,1,5,24,9/11/2016
2016-2017,Regular,NOP,W,116,106,36,16-26,16,26,61.5,13-17,13,17,76.5,1-2,1,2,50,5,5,0,2,2,4,46,7/11/2016
2016-2017,Regular,LAL,L,97,117,31,5-17,5,17,29.4,0-10,0,10,0,3-3,3,3,100,8,10,1,2,3,2,13,4/11/2016
2016-2017,Regular,OKC,W,122,96,30,6-14,6,14,42.9,2-6,2,6,33.3,7-8,7,8,87.5,1,7,1,2,1,1,21,3/11/2016
2016-2017,Regular,POR,W,127,104,30,10-21,10,21,47.6,5-10,5,10,50,3-4,3,4,75,4,3,0,1,3,4,28,1/11/2016
2016-2017,Regular,PHX,W,106,100,34,9-17,9,17,52.9,5-8,5,8,62.5,5-5,5,5,100,1,3,0,0,5,1,28,30/10/2016
2016-2017,Regular,NOP,W,122,114,34,8-19,8,19,42.1,4-10,4,10,40,3-4,3,4,75,1,8,0,1,3,4,23,28/10/2016
2016-2017,Regular,SAS,L,100,129,34,9-18,9,18,50,3-10,3,10,30,5-6,5,6,83.3,3,4,0,0,1,4,26,25/10/2016
2016-2017,Pre,POR,W,107,96,28,12-21,12,21,57.1,8-13,8,13,61.5,3-3,3,3,100,4,2,0,0,2,2,35,21/10/2016
2016-2017,Pre,LAL,W,123,112,31,11-19,11,19,57.9,6-12,6,12,50,4-4,4,4,100,5,5,0,3,2,1,32,19/10/2016
2016-2017,Pre,LAL,W,112,107,18,5-9,5,9,55.6,2-5,2,5,40,2-3,2,3,66.7,3,3,0,2,1,1,14,15/10/2016
2016-2017,Pre,DEN,W,129,128,27,7-17,7,17,41.2,2-9,2,9,22.2,6-7,6,7,85.7,9,4,2,0,2,2,22,14/10/2016
2016-2017,Pre,SAC,W,105,96,26,3-8,3,8,37.5,2-5,2,5,40,5-5,5,5,100,2,5,1,4,1,4,13,6/10/2016
2016-2017,Pre,LAC,W,120,75,23,4-8,4,8,50,3-6,3,6,50,3-3,3,3,100,3,5,0,3,3,1,14,4/10/2016
2016-2017,Pre,TOR,L,93,97,17,2-6,2,6,33.3,1-5,1,5,20,3-5,3,5,60,2,3,0,2,1,1,8,1/10/2016
2017-2018,Post,CLE,W,108,85,39,12-27,12,27,44.4,7-15,7,15,46.7,6-6,6,6,100,6,4,3,3,4,2,37,8/6/2018
2017-2018,Post,CLE,W,110,102,39,3-16,3,16,18.8,1-10,1,10,10,4-4,4,4,100,5,6,0,1,3,2,11,6/6/2018
2017-2018,Post,CLE,W,122,103,38,11-26,11,26,42.3,9-17,9,17,52.9,2-2,2,2,100,7,8,0,1,3,5,33,3/6/2018
2017-2018,Post,CLE,W,124,114,46,11-23,11,23,47.8,5-11,5,11,45.5,2-2,2,2,100,6,9,0,1,1,2,29,31/5/2018
2017-2018,Post,HOU,W,101,92,44,10-22,10,22,45.5,7-15,7,15,46.7,0-0,0,0,0,9,10,1,4,4,5,27,28/5/2018
2017-2018,Post,HOU,W,115,86,40,12-23,12,23,52.2,5-14,5,14,35.7,0-0,0,0,0,5,6,3,0,2,2,29,26/5/2018
2017-2018,Post,HOU,L,94,98,41,8-17,8,17,47.1,2-8,2,8,25,4-5,4,5,80,7,6,0,4,2,3,22,24/5/2018
2017-2018,Post,HOU,L,92,95,39,10-26,10,26,38.5,6-13,6,13,46.2,2-2,2,2,100,6,2,0,2,3,3,28,22/5/2018
2017-2018,Post,HOU,W,126,85,34,13-23,13,23,56.5,5-12,5,12,41.7,4-4,4,4,100,6,1,1,0,2,1,35,20/5/2018
2017-2018,Post,HOU,L,105,127,34,7-19,7,19,36.8,1-8,1,8,12.5,1-1,1,1,100,7,7,0,0,3,2,16,16/5/2018
2017-2018,Post,HOU,W,119,106,35,8-15,8,15,53.3,1-5,1,5,20,1-2,1,2,50,6,8,1,2,5,1,18,14/5/2018
2017-2018,Post,NOP,W,113,104,37,10-16,10,16,62.5,3-6,3,6,50,5-5,5,5,100,7,8,0,1,2,4,28,8/5/2018
2017-2018,Post,NOP,W,118,92,32,8-17,8,17,47.1,4-9,4,9,44.4,3-3,3,3,100,1,2,0,0,1,2,23,6/5/2018
2017-2018,Post,NOP,L,100,119,29,6-19,6,19,31.6,3-9,3,9,33.3,4-4,4,4,100,6,2,2,4,1,3,19,4/5/2018
2017-2018,Post,NOP,W,121,116,27,8-15,8,15,53.3,5-10,5,10,50,7-7,7,7,100,7,2,0,3,2,6,28,1/5/2018
2017-2018,Regular,ATL,W,106,94,25,10-18,10,18,55.6,3-8,3,8,37.5,6-6,6,6,100,7,1,1,0,1,1,29,23/3/2018
2017-2018,Regular,SAS,W,110,107,2,0-1,0,1,0,0-0,0,0,0,2-2,2,2,100,0,0,0,0,0,0,2,8/3/2018
2017-2018,Regular,BKN,W,114,101,34,12-20,12,20,60,6-12,6,12,50,4-5,4,5,80,6,4,1,3,2,3,34,6/3/2018
2017-2018,Regular,ATL,W,114,109,24,8-15,8,15,53.3,4-9,4,9,44.4,8-8,8,8,100,1,3,0,2,0,0,28,2/3/2018
2017-2018,Regular,WSH,W,109,101,35,5-15,5,15,33.3,4-9,4,9,44.4,11-12,11,12,91.7,5,3,0,2,3,6,25,28/2/2018
2017-2018,Regular,NYK,W,125,111,30,8-16,8,16,50,4-9,4,9,44.4,1-1,1,1,100,5,5,0,0,1,3,21,26/2/2018
2017-2018,Regular,OKC,W,112,80,30,8-19,8,19,42.1,5-12,5,12,41.7,0-0,0,0,0,9,6,0,3,2,2,21,24/2/2018
2017-2018,Regular,LAC,W,134,127,37,14-19,14,19,73.7,8-11,8,11,72.7,8-8,8,8,100,6,10,0,2,4,4,44,22/2/2018
2017-2018,Regular,POR,L,117,123,34,6-17,6,17,35.3,3-10,3,10,30,2-2,2,2,100,4,6,0,3,4,7,17,14/2/2018
2017-2018,Regular,PHX,W,129,83,30,8-17,8,17,47.1,3-9,3,9,33.3,3-3,3,3,100,9,7,1,0,3,3,22,12/2/2018
2017-2018,Regular,SAS,W,122,105,29,7-13,7,13,53.8,3-7,3,7,42.9,0-0,0,0,0,4,8,0,2,0,2,17,10/2/2018
2017-2018,Regular,DAL,W,121,103,30,7-12,7,12,58.3,4-9,4,9,44.4,2-2,2,2,100,7,8,0,0,1,4,20,8/2/2018
2017-2018,Regular,OKC,L,105,125,32,6-14,6,14,42.9,2-9,2,9,22.2,7-7,7,7,100,5,5,1,1,3,3,21,6/2/2018
2017-2018,Regular,DEN,L,108,115,36,8-16,8,16,50,5-12,5,12,41.7,3-4,3,4,75,6,4,0,2,2,5,24,3/2/2018
2017-2018,Regular,SAC,W,119,104,36,7-17,7,17,41.2,3-10,3,10,30,6-6,6,6,100,5,6,0,2,3,6,23,2/2/2018
2017-2018,Regular,UTA,L,99,129,30,4-13,4,13,30.8,1-7,1,7,14.3,5-5,5,5,100,2,5,0,0,1,3,14,30/1/2018
2017-2018,Regular,BOS,W,109,105,37,16-24,16,24,66.7,8-13,8,13,61.5,9-10,9,10,90,4,5,0,2,2,1,49,27/1/2018
2017-2018,Regular,MIN,W,126,113,37,9-14,9,14,64.3,5-9,5,9,55.6,2-3,2,3,66.7,5,9,0,3,2,2,25,25/1/2018
2017-2018,Regular,NYK,W,123,112,33,9-19,9,19,47.4,8-15,8,15,53.3,6-6,6,6,100,6,7,0,0,2,1,32,23/1/2018
2017-2018,Regular,HOU,L,108,116,36,6-20,6,20,30,5-15,5,15,33.3,2-4,2,4,50,1,8,0,2,2,6,19,20/1/2018
2017-2018,Regular,CHI,W,119,112,35,10-18,10,18,55.6,6-11,6,11,54.5,4-4,4,4,100,9,4,0,1,2,6,30,17/1/2018
2017-2018,Regular,CLE,W,118,108,33,8-15,8,15,53.3,4-8,4,8,50,3-4,3,4,75,4,8,0,2,3,3,23,15/1/2018
2017-2018,Regular,TOR,W,127,125,34,6-12,6,12,50,2-7,2,7,28.6,10-12,10,12,83.3,6,9,0,1,3,1,24,13/1/2018
2017-2018,Regular,DEN,W,124,114,35,9-17,9,17,52.9,5-10,5,10,50,9-10,9,10,90,4,9,0,2,3,6,32,8/1/2018
2017-2018,Regular,LAC,W,121,105,30,11-21,11,21,52.4,8-16,8,16,50,15-16,15,16,93.8,6,3,0,3,2,2,45,6/1/2018
2017-2018,Regular,HOU,W,124,114,37,10-20,10,20,50,4-10,4,10,40,5-6,5,6,83.3,9,5,0,1,3,3,29,4/1/2018
2017-2018,Regular,DAL,W,125,122,34,11-19,11,19,57.9,6-13,6,13,46.2,4-5,4,5,80,5,8,0,1,1,3,32,3/1/2018
2017-2018,Regular,MEM,W,141,128,26,13-17,13,17,76.5,10-13,10,13,76.9,2-2,2,2,100,4,3,0,0,2,0,38,30/12/2017
2017-2018,Regular,NOP,W,125,115,34,9-19,9,19,47.4,5-11,5,11,45.5,8-9,8,9,88.9,5,11,0,1,5,2,31,4/12/2017
2017-2018,Regular,MIA,W,123,95,30,11-16,11,16,68.8,5-9,5,9,55.6,3-4,3,4,75,2,3,0,2,1,0,30,3/12/2017
2017-2018,Regular,ORL,W,133,112,33,9-20,9,20,45,3-8,3,8,37.5,2-2,2,2,100,6,10,0,3,2,4,23,1/12/2017
2017-2018,Regular,LAL,W,127,123,39,9-20,9,20,45,3-9,3,9,33.3,7-8,7,8,87.5,5,7,0,0,4,5,28,29/11/2017
2017-2018,Regular,NOP,W,110,95,36,9-25,9,25,36,3-13,3,13,23.1,6-6,6,6,100,4,6,0,1,2,1,27,25/11/2017
2017-2018,Regular,CHI,W,143,94,27,10-18,10,18,55.6,4-11,4,11,36.4,9-9,9,9,100,7,4,0,2,2,2,33,24/11/2017
2017-2018,Regular,OKC,L,91,108,31,9-18,9,18,50,3-8,3,8,37.5,3-3,3,3,100,5,6,0,1,1,6,24,22/11/2017
2017-2018,Regular,BKN,W,118,111,33,14-24,14,24,58.3,4-10,4,10,40,7-8,7,8,87.5,11,7,0,3,6,7,39,19/11/2017
2017-2018,Regular,PHI,W,124,116,35,11-22,11,22,50,4-9,4,9,44.4,9-9,9,9,100,5,5,1,0,1,2,35,18/11/2017
2017-2018,Regular,BOS,L,88,92,31,3-14,3,14,21.4,2-9,2,9,22.2,1-2,1,2,50,6,5,0,4,5,4,9,16/11/2017
2017-2018,Regular,PHI,W,135,114,30,5-12,5,12,41.7,3-8,3,8,37.5,9-9,9,9,100,4,9,0,1,0,2,22,11/11/2017
2017-2018,Regular,MIN,W,125,101,30,7-16,7,16,43.8,2-7,2,7,28.6,6-6,6,6,100,8,8,1,2,2,5,22,8/11/2017
2017-2018,Regular,MIA,W,97,80,34,5-19,5,19,26.3,2-9,2,9,22.2,4-5,4,5,80,5,4,0,2,3,1,16,6/11/2017
2017-2018,Regular,DEN,W,127,108,30,7-14,7,14,50,5-10,5,10,50,3-4,3,4,75,0,11,0,2,0,3,22,4/11/2017
2017-2018,Regular,SAS,W,112,92,32,7-13,7,13,53.8,3-4,3,4,75,4-4,4,4,100,8,5,0,3,2,2,21,2/11/2017
2017-2018,Regular,LAC,W,141,113,30,9-14,9,14,64.3,7-11,7,11,63.6,6-8,6,8,75,5,6,1,2,3,1,31,30/10/2017
2017-2018,Regular,DET,L,107,115,35,11-17,11,17,64.7,3-7,3,7,42.9,2-3,2,3,66.7,6,8,0,1,3,5,27,29/10/2017
2017-2018,Regular,WSH,W,120,117,36,7-19,7,19,36.8,3-13,3,13,23.1,3-3,3,3,100,5,8,0,2,2,2,20,27/10/2017
2017-2018,Regular,TOR,W,117,112,38,9-20,9,20,45,4-11,4,11,36.4,8-8,8,8,100,4,5,1,3,2,2,30,25/10/2017
2017-2018,Regular,DAL,W,133,103,31,7-15,7,15,46.7,2-10,2,10,20,13-13,13,13,100,2,8,0,4,1,6,29,23/10/2017
2017-2018,Regular,MEM,L,101,111,30,9-17,9,17,52.9,6-11,6,11,54.5,13-13,13,13,100,6,3,0,0,5,2,37,21/10/2017
2017-2018,Regular,NOP,W,128,120,35,7-16,7,16,43.8,4-11,4,11,36.4,10-10,10,10,100,3,8,0,0,1,1,28,20/10/2017
2017-2018,Regular,HOU,L,121,122,30,8-18,8,18,44.4,3-9,3,9,33.3,3-3,3,3,100,5,4,0,1,4,2,22,17/10/2017
2017-2018,Pre,SAC,W,117,106,19,6-12,6,12,50,4-6,4,6,66.7,2-2,2,2,100,3,3,0,1,0,1,18,13/10/2017
2017-2018,Pre,MIN,W,142,110,31,13-20,13,20,65,6-9,6,9,66.7,8-9,8,9,88.9,6,8,0,3,3,1,40,8/10/2017
2017-2018,Pre,MIN,L,97,111,24,5-9,5,9,55.6,3-6,3,6,50,1-2,1,2,50,6,4,1,0,5,3,14,5/10/2017
2017-2018,Pre,DEN,L,102,108,24,3-12,3,12,25,1-7,1,7,14.3,4-4,4,4,100,4,2,0,1,0,1,11,30/9/2017
2018-2019,Post,TOR,L,110,114,42,6-17,6,17,35.3,3-11,3,11,27.3,6-6,6,6,100,3,7,1,2,3,3,21,13/6/2019
2018-2019,Post,TOR,W,106,105,41,10-23,10,23,43.5,5-14,5,14,35.7,6-6,6,6,100,8,7,0,0,0,4,31,10/6/2019
2018-2019,Post,TOR,L,92,105,43,9-22,9,22,40.9,2-9,2,9,22.2,7-8,7,8,87.5,4,6,0,1,4,3,27,7/6/2019
2018-2019,Post,TOR,L,109,123,43,14-31,14,31,45.2,6-14,6,14,42.9,13-14,13,14,92.9,8,7,0,2,1,3,47,5/6/2019
2018-2019,Post,TOR,W,109,104,41,6-17,6,17,35.3,3-10,3,10,30,8-9,8,9,88.9,3,4,0,3,3,1,23,2/6/2019
2018-2019,Post,TOR,L,109,118,40,8-18,8,18,44.4,4-9,4,9,44.4,14-14,14,14,100,5,5,0,1,4,3,34,30/5/2019
2018-2019,Post,POR,W,119,117,47,11-25,11,25,44,7-16,7,16,43.8,8-9,8,9,88.9,13,11,0,1,0,2,37,20/5/2019
2018-2019,Post,POR,W,110,99,37,11-26,11,26,42.3,6-16,6,16,37.5,8-9,8,9,88.9,6,3,0,0,3,5,36,18/5/2019
2018-2019,Post,POR,W,114,111,39,11-22,11,22,50,4-14,4,14,28.6,11-11,11,11,100,8,8,0,0,2,6,37,16/5/2019
2018-2019,Post,POR,W,116,94,35,12-23,12,23,52.2,9-15,9,15,60,3-3,3,3,100,6,7,0,1,3,1,36,14/5/2019
2018-2019,Post,HOU,W,118,113,34,9-20,9,20,45,4-11,4,11,36.4,11-11,11,11,100,5,4,0,0,4,3,33,10/5/2019
2018-2019,Post,HOU,W,104,99,44,9-23,9,23,39.1,3-11,3,11,27.3,4-5,4,5,80,6,5,0,0,2,3,25,8/5/2019
2018-2019,Post,HOU,L,108,112,43,12-25,12,25,48,4-14,4,14,28.6,2-2,2,2,100,4,8,0,1,3,3,30,6/5/2019
2018-2019,Post,HOU,L,121,126,45,7-23,7,23,30.4,2-9,2,9,22.2,1-3,1,3,33.3,3,4,0,2,5,3,17,4/5/2019
2018-2019,Post,HOU,W,115,109,33,6-16,6,16,37.5,3-13,3,13,23.1,5-5,5,5,100,3,5,1,2,5,3,20,30/4/2019
2018-2019,Post,HOU,W,104,100,37,5-12,5,12,41.7,3-10,3,10,30,5-5,5,5,100,7,4,0,1,5,3,18,28/4/2019
2018-2019,Post,LAC,W,129,110,38,8-14,8,14,57.1,2-5,2,5,40,6-6,6,6,100,6,6,0,1,2,1,24,26/4/2019
2018-2019,Post,LAC,L,121,129,38,7-15,7,15,46.7,4-5,4,5,80,6-6,6,6,100,3,4,1,0,2,3,24,24/4/2019
2018-2019,Post,LAC,W,113,105,35,3-14,3,14,21.4,1-9,1,9,11.1,5-5,5,5,100,10,7,0,3,4,3,12,21/4/2019
2018-2019,Post,LAC,W,132,105,20,7-11,7,11,63.6,4-6,4,6,66.7,3-3,3,3,100,5,1,0,0,5,2,21,18/4/2019
2018-2019,Post,LAC,L,131,135,34,8-18,8,18,44.4,5-11,5,11,45.5,8-8,8,8,100,1,6,0,3,4,4,29,15/4/2019
2018-2019,Post,LAC,W,121,104,37,11-16,11,16,68.8,8-12,8,12,66.7,8-9,8,9,88.9,15,7,1,0,4,4,38,13/4/2019
2018-2019,Regular,NOP,W,112,103,9,2-4,2,4,50,1-2,1,2,50,0-0,0,0,0,1,1,0,0,0,2,5,9/4/2019
2018-2019,Regular,LAC,W,131,104,30,11-20,11,20,55,3-10,3,10,30,2-2,2,2,100,5,4,1,1,3,0,27,7/4/2019
2018-2019,Regular,CLE,W,120,114,36,12-21,12,21,57.1,9-12,9,12,75,7-7,7,7,100,6,7,1,0,1,4,40,5/4/2019
2018-2019,Regular,LAL,W,108,90,29,3-14,3,14,21.4,1-9,1,9,11.1,0-0,0,0,0,10,7,0,1,1,2,7,4/4/2019
2018-2019,Regular,DEN,W,116,102,30,6-11,6,11,54.5,5-10,5,10,50,0-0,0,0,0,4,5,0,3,4,4,17,2/4/2019
2018-2019,Regular,CHA,W,137,90,27,8-14,8,14,57.1,5-8,5,8,62.5,4-4,4,4,100,5,6,1,2,0,1,25,31/3/2019
2018-2019,Regular,MIN,L,130,131,42,13-25,13,25,52,11-19,11,19,57.9,0-0,0,0,0,3,5,0,2,2,2,37,29/3/2019
2018-2019,Regular,MEM,W,118,103,33,7-20,7,20,35,6-12,6,12,50,8-9,8,9,88.9,10,7,1,1,3,1,28,27/3/2019
2018-2019,Regular,DET,W,121,114,35,9-19,9,19,47.4,5-10,5,10,50,3-3,3,3,100,9,3,0,1,2,4,26,24/3/2019
2018-2019,Regular,IND,W,112,89,29,5-15,5,15,33.3,5-12,5,12,41.7,0-0,0,0,0,4,7,0,1,3,3,15,21/3/2019
2018-2019,Regular,MIN,W,117,107,33,12-21,12,21,57.1,8-14,8,14,57.1,4-5,4,5,80,3,5,0,2,1,2,36,19/3/2019
2018-2019,Regular,SAS,L,105,111,37,9-25,9,25,36,6-18,6,18,33.3,1-1,1,1,100,7,8,1,3,3,2,25,18/3/2019
2018-2019,Regular,OKC,W,110,88,33,10-23,10,23,43.5,5-12,5,12,41.7,8-10,8,10,80,7,3,0,2,1,4,33,16/3/2019
2018-2019,Regular,HOU,W,106,104,35,8-20,8,20,40,3-9,3,9,33.3,5-5,5,5,100,4,5,0,2,2,1,24,13/3/2019
2018-2019,Regular,PHX,L,111,115,35,6-20,6,20,30,4-15,4,15,26.7,2-2,2,2,100,7,8,1,3,4,3,18,10/3/2019
2018-2019,Regular,DEN,W,122,105,34,6-16,6,16,37.5,4-10,4,10,40,1-2,1,2,50,7,4,0,0,4,7,17,8/3/2019
2018-2019,Regular,BOS,L,95,128,31,8-16,8,16,50,4-10,4,10,40,3-3,3,3,100,3,4,0,1,3,4,23,5/3/2019
2018-2019,Regular,PHI,W,120,117,36,10-23,10,23,43.5,5-15,5,15,33.3,3-3,3,3,100,4,2,0,4,4,2,28,2/3/2019
2018-2019,Regular,ORL,L,96,103,37,12-33,12,33,36.4,5-17,5,17,29.4,4-4,4,4,100,8,6,0,0,1,3,33,28/2/2019
2018-2019,Regular,MIA,L,125,126,34,9-20,9,20,45,4-14,4,14,28.6,2-3,2,3,66.7,6,4,0,0,1,3,24,27/2/2019
2018-2019,Regular,CHA,W,121,110,35,5-18,5,18,27.8,4-14,4,14,28.6,2-3,2,3,66.7,5,6,0,4,1,4,16,25/2/2019
2018-2019,Regular,HOU,L,112,118,36,9-18,9,18,50,5-11,5,11,45.5,2-2,2,2,100,9,7,1,1,3,3,25,23/2/2019
2018-2019,Regular,SAC,W,125,123,36,12-23,12,23,52.2,10-16,10,16,62.5,2-2,2,2,100,6,7,0,2,1,3,36,21/2/2019
2018-2019,Regular,POR,L,107,129,33,10-24,10,24,41.7,5-14,5,14,35.7,7-7,7,7,100,7,2,0,0,2,1,32,13/2/2019
2018-2019,Regular,UTA,W,115,108,36,8-19,8,19,42.1,5-14,5,14,35.7,3-3,3,3,100,5,4,2,4,3,2,24,12/2/2019
2018-2019,Regular,MIA,W,120,118,36,9-18,9,18,50,5-10,5,10,50,2-2,2,2,100,4,2,0,2,2,2,25,10/2/2019
2018-2019,Regular,PHX,W,117,107,36,6-17,6,17,35.3,3-11,3,11,27.3,5-6,5,6,83.3,7,7,1,1,5,2,20,8/2/2019
2018-2019,Regular,SAS,W,141,102,29,7-12,7,12,58.3,3-5,3,5,60,2-3,2,3,66.7,5,7,1,2,2,3,19,6/2/2019
2018-2019,Regular,LAL,W,115,101,33,5-15,5,15,33.3,2-9,2,9,22.2,2-3,2,3,66.7,4,2,0,0,2,2,14,2/2/2019
2018-2019,Regular,PHI,L,104,113,38,14-27,14,27,51.9,10-18,10,18,55.6,3-4,3,4,75,4,6,0,1,1,6,41,31/1/2019
2018-2019,Regular,IND,W,132,100,27,10-13,10,13,76.9,6-8,6,8,75,0-0,0,0,0,6,3,0,2,4,3,26,28/1/2019
2018-2019,Regular,BOS,W,115,111,38,7-15,7,15,46.7,6-12,6,12,50,4-4,4,4,100,3,3,0,0,2,1,24,26/1/2019
2018-2019,Regular,WSH,W,126,118,35,14-24,14,24,58.3,2-8,2,8,25,8-8,8,8,100,4,3,1,0,2,3,38,24/1/2019
2018-2019,Regular,LAL,W,130,111,30,3-12,3,12,25,2-10,2,10,20,3-3,3,3,100,5,12,0,1,3,0,11,21/1/2019
2018-2019,Regular,LAC,W,112,94,33,10-19,10,19,52.6,3-11,3,11,27.3,5-5,5,5,100,5,4,1,1,2,1,28,18/1/2019
2018-2019,Regular,NOP,W,147,140,35,11-22,11,22,50,9-17,9,17,52.9,10-10,10,10,100,5,3,0,1,3,2,41,16/1/2019
2018-2019,Regular,DEN,W,142,111,30,10-18,10,18,55.6,8-13,8,13,61.5,3-3,3,3,100,6,4,0,0,2,3,31,15/1/2019
2018-2019,Regular,DAL,W,119,114,37,17-32,17,32,53.1,11-19,11,19,57.9,3-3,3,3,100,6,5,2,1,5,0,48,13/1/2019
2018-2019,Regular,CHI,W,146,109,27,10-16,10,16,62.5,5-11,5,11,45.5,3-3,3,3,100,5,8,0,0,0,4,28,11/1/2019
2018-2019,Regular,NYK,W,122,95,32,5-19,5,19,26.3,3-12,3,12,25,1-1,1,1,100,7,14,0,1,3,1,14,8/1/2019
2018-2019,Regular,SAC,W,127,123,38,14-26,14,26,53.8,10-20,10,20,50,4-4,4,4,100,5,2,0,2,2,6,42,5/1/2019
2018-2019,Regular,HOU,L,134,135,40,14-27,14,27,51.9,5-15,5,15,33.3,2-3,2,3,66.7,3,6,0,0,4,5,35,3/1/2019
2018-2019,Regular,PHX,W,132,109,32,11-17,11,17,64.7,5-9,5,9,55.6,7-7,7,7,100,9,4,0,1,2,3,34,31/12/2018
2018-2019,Regular,POR,W,115,105,36,6-15,6,15,40,2-8,2,8,25,11-14,11,14,78.6,5,8,1,2,1,2,25,29/12/2018
2018-2019,Regular,POR,L,109,110,42,11-26,11,26,42.3,6-15,6,15,40,1-3,1,3,33.3,5,7,2,2,1,7,29,27/12/2018
2018-2019,Regular,LAL,L,101,127,37,5-17,5,17,29.4,2-8,2,8,25,3-3,3,3,100,2,5,0,1,5,1,15,25/12/2018
2018-2019,Regular,LAC,W,129,127,36,12-22,12,22,54.5,6-15,6,15,40,12-13,12,13,92.3,6,2,0,1,4,0,42,23/12/2018
2018-2019,Regular,DAL,W,120,116,39,7-22,7,22,31.8,6-17,6,17,35.3,2-3,2,3,66.7,5,5,0,2,5,3,22,22/12/2018
2018-2019,Regular,UTA,L,103,108,37,12-21,12,21,57.1,5-9,5,9,55.6,3-3,3,3,100,3,3,1,3,4,4,32,19/12/2018
2018-2019,Regular,MEM,W,110,93,35,6-16,6,16,37.5,3-9,3,9,33.3,5-5,5,5,100,7,1,0,2,3,3,20,17/12/2018
2018-2019,Regular,SAC,W,130,125,36,11-23,11,23,47.8,5-14,5,14,35.7,8-8,8,8,100,7,6,0,3,2,1,35,14/12/2018
2018-2019,Regular,TOR,L,93,113,33,3-12,3,12,25,2-8,2,8,25,2-2,2,2,100,3,3,0,1,1,4,10,12/12/2018
2018-2019,Regular,MIN,W,116,108,36,12-23,12,23,52.2,7-14,7,14,50,7-7,7,7,100,7,6,1,2,1,2,38,10/12/2018
2018-2019,Regular,MIL,W,105,95,36,7-17,7,17,41.2,4-9,4,9,44.4,2-2,2,2,100,4,8,0,1,3,3,20,7/12/2018
2018-2019,Regular,CLE,W,129,105,34,11-20,11,20,55,9-14,9,14,64.3,11-12,11,12,91.7,9,7,0,1,1,2,42,5/12/2018
2018-2019,Regular,ATL,W,128,111,29,10-17,10,17,58.8,6-10,6,10,60,4-4,4,4,100,3,2,1,1,4,3,30,3/12/2018
2018-2019,Regular,DET,L,102,111,37,10-21,10,21,47.6,3-9,3,9,33.3,4-4,4,4,100,5,3,0,2,4,7,27,1/12/2018
2018-2019,Regular,MIL,L,111,134,26,5-14,5,14,35.7,0-4,0,4,0,0-0,0,0,0,1,6,0,0,4,2,10,8/11/2018
2018-2019,Regular,MEM,W,117,101,32,6-17,6,17,35.3,3-6,3,6,50,4-4,4,4,100,5,7,1,1,1,5,19,5/11/2018
2018-2019,Regular,MIN,W,116,99,35,11-24,11,24,45.8,4-12,4,12,33.3,2-2,2,2,100,9,7,2,0,3,4,28,2/11/2018
2018-2019,Regular,NOP,W,131,121,37,12-20,12,20,60,7-11,7,11,63.6,6-7,6,7,85.7,2,9,0,2,3,5,37,31/10/2018
2018-2019,Regular,CHI,W,149,124,25,7-9,7,9,77.8,2-4,2,4,50,7-7,7,7,100,8,5,0,2,3,1,23,29/10/2018
2018-2019,Regular,BKN,W,120,114,36,11-26,11,26,42.3,7-15,7,15,46.7,6-7,6,7,85.7,7,3,0,1,1,2,35,28/10/2018
2018-2019,Regular,NYK,W,128,100,33,10-18,10,18,55.6,6-11,6,11,54.5,3-3,3,3,100,4,2,0,1,2,3,29,26/10/2018
2018-2019,Regular,WSH,W,144,122,32,15-24,15,24,62.5,11-16,11,16,68.8,10-10,10,10,100,4,3,1,0,1,2,51,24/10/2018
2018-2019,Regular,PHX,W,123,103,30,11-18,11,18,61.1,6-13,6,13,46.2,1-2,1,2,50,4,8,0,2,0,3,29,22/10/2018
2018-2019,Regular,DEN,L,98,100,39,10-23,10,23,43.5,6-16,6,16,37.5,4-4,4,4,100,4,6,0,0,4,2,30,21/10/2018
2018-2019,Regular,UTA,W,124,123,37,13-24,13,24,54.2,5-9,5,9,55.6,0-1,0,1,0,4,8,0,2,2,4,31,19/10/2018
2018-2019,Regular,OKC,W,108,100,37,11-20,11,20,55,5-9,5,9,55.6,5-5,5,5,100,8,9,0,1,4,3,32,16/10/2018
2018-2019,Pre,LAL,L,105,119,12,5-10,5,10,50,4-7,4,7,57.1,2-2,2,2,100,3,4,1,1,0,0,16,12/10/2018
2018-2019,Pre,LAL,L,113,123,26,6-11,6,11,54.5,2-3,2,3,66.7,9-9,9,9,100,3,5,0,2,3,5,23,10/10/2018
2018-2019,Pre,PHX,L,109,117,24,8-14,8,14,57.1,3-8,3,8,37.5,4-4,4,4,100,0,4,0,1,3,5,23,8/10/2018
2018-2019,Pre,MIN,L,110,114,20,7-11,7,11,63.6,5-9,5,9,55.6,2-2,2,2,100,2,4,1,1,2,1,21,29/9/2018
2019-2020,Regular,TOR,L,113,121,27,6-16,6,16,37.5,3-12,3,12,25,8-8,8,8,100,6,7,0,0,1,1,23,5/3/2020
2019-2020,Regular,PHX,L,110,121,21,3-11,3,11,27.3,1-7,1,7,14.3,2-2,2,2,100,5,6,2,1,2,4,9,30/10/2019
2019-2020,Regular,NOP,W,134,123,31,9-17,9,17,52.9,4-10,4,10,40,4-4,4,4,100,3,11,0,3,5,1,26,28/10/2019
2019-2020,Regular,OKC,L,92,120,30,7-18,7,18,38.9,2-9,2,9,22.2,7-7,7,7,100,8,5,0,0,0,2,23,27/10/2019
2019-2020,Regular,LAC,L,122,141,30,8-20,8,20,40,2-11,2,11,18.2,5-5,5,5,100,4,4,0,1,3,8,23,24/10/2019
2019-2020,Pre,LAL,W,124,103,33,9-20,9,20,45,6-15,6,15,40,8-8,8,8,100,1,6,1,0,4,2,32,18/10/2019
2019-2020,Pre,LAL,L,98,104,21,6-17,6,17,35.3,3-8,3,8,37.5,2-2,2,2,100,1,3,2,2,3,3,17,14/10/2019
2019-2020,Pre,MIN,W,143,123,25,14-19,14,19,73.7,6-9,6,9,66.7,6-6,6,6,100,6,6,1,2,2,5,40,10/10/2019
2019-2020,Pre,LAL,L,101,123,18,5-11,5,11,45.5,1-5,1,5,20,7-8,7,8,87.5,3,2,0,2,0,1,18,5/10/2019
2020-2021,Regular,MEM,W,113,101,40,16-36,16,36,44.4,9-22,9,22,40.9,5-6,5,6,83.3,7,9,1,1,2,7,46,16/5/2021
2020-2021,Regular,PHX,W,122,116,37,7-22,7,22,31.8,1-11,1,11,9.1,6-6,6,6,100,3,6,0,1,2,3,21,11/5/2021
2020-2021,Regular,UTA,W,119,116,37,11-25,11,25,44,3-13,3,13,23.1,11-12,11,12,91.7,4,6,0,2,1,3,36,10/5/2021
2020-2021,Regular,OKC,W,136,97,29,14-26,14,26,53.8,11-21,11,21,52.4,10-10,10,10,100,5,2,0,1,2,1,49,8/5/2021
2020-2021,Regular,OKC,W,118,97,31,11-21,11,21,52.4,6-13,6,13,46.2,6-7,6,7,85.7,4,7,0,1,2,3,34,6/5/2021
2020-2021,Regular,NOP,L,103,108,37,13-31,13,31,41.9,8-20,8,20,40,3-3,3,3,100,9,2,0,3,2,4,37,4/5/2021
2020-2021,Regular,NOP,W,123,108,35,14-26,14,26,53.8,8-18,8,18,44.4,5-6,5,6,83.3,4,8,0,1,5,4,41,3/5/2021
2020-2021,Regular,HOU,W,113,87,30,9-23,9,23,39.1,7-17,7,17,41.2,5-7,5,7,71.4,5,5,0,1,0,4,30,1/5/2021
2020-2021,Regular,MIN,L,114,126,37,11-27,11,27,40.7,6-17,6,17,35.3,9-9,9,9,100,6,8,0,2,4,3,37,29/4/2021
2020-2021,Regular,DAL,L,103,133,30,9-18,9,18,50,5-9,5,9,55.6,4-4,4,4,100,1,2,0,2,1,2,27,27/4/2021
2020-2021,Regular,SAC,W,117,113,38,11-21,11,21,52.4,7-14,7,14,50,8-11,8,11,72.7,7,4,1,1,1,7,37,25/4/2021
2020-2021,Regular,DEN,W,118,97,34,11-18,11,18,61.1,4-9,4,9,44.4,6-6,6,6,100,8,3,0,0,3,3,32,23/4/2021
2020-2021,Regular,WSH,L,114,118,36,7-25,7,25,28,2-14,2,14,14.3,2-2,2,2,100,7,8,0,1,2,6,18,21/4/2021
2020-2021,Regular,PHI,W,107,96,37,14-28,14,28,50,10-17,10,17,58.8,11-12,11,12,91.7,3,5,0,0,2,6,49,19/4/2021
2020-2021,Regular,BOS,L,114,119,37,15-27,15,27,55.6,11-19,11,19,57.9,6-8,6,8,75,7,3,0,0,2,5,47,17/4/2021
2020-2021,Regular,CLE,W,119,101,35,12-25,12,25,48,4-13,4,13,30.8,5-5,5,5,100,4,5,2,0,3,4,33,15/4/2021
2020-2021,Regular,OKC,W,147,109,29,14-20,14,20,70,11-16,11,16,68.8,3-3,3,3,100,6,8,0,0,3,0,42,14/4/2021
2020-2021,Regular,DEN,W,116,107,36,14-24,14,24,58.3,10-18,10,18,55.6,15-16,15,16,93.8,6,4,0,0,3,5,53,12/4/2021
2020-2021,Regular,HOU,W,125,109,35,13-21,13,21,61.9,8-15,8,15,53.3,4-4,4,4,100,8,5,0,1,3,5,38,10/4/2021
2020-2021,Regular,WSH,L,107,110,35,11-25,11,25,44,5-12,5,12,41.7,5-6,5,6,83.3,6,5,0,3,0,2,32,9/4/2021
2020-2021,Regular,MIL,W,122,121,38,14-21,14,21,66.7,5-10,5,10,50,8-9,8,9,88.9,6,4,0,0,2,4,41,6/4/2021
2020-2021,Regular,ATL,L,111,117,37,12-23,12,23,52.2,3-12,3,12,25,10-12,10,12,83.3,5,2,1,2,0,8,37,4/4/2021
2020-2021,Regular,MIA,L,109,116,36,9-19,9,19,47.4,5-11,5,11,45.5,13-13,13,13,100,11,3,0,0,2,3,36,1/4/2021
2020-2021,Regular,CHI,W,116,102,30,11-24,11,24,45.8,6-14,6,14,42.9,4-5,4,5,80,5,6,0,1,0,1,32,29/3/2021
2020-2021,Regular,HOU,W,108,94,30,7-18,7,18,38.9,2-11,2,11,18.2,2-2,2,2,100,5,8,0,1,3,2,18,17/3/2021
2020-2021,Regular,LAL,L,97,128,29,9-17,9,17,52.9,4-7,4,7,57.1,5-5,5,5,100,3,2,0,3,1,2,27,15/3/2021
2020-2021,Regular,UTA,W,131,119,36,10-20,10,20,50,6-9,6,9,66.7,6-7,6,7,85.7,5,9,0,1,3,3,32,14/3/2021
2020-2021,Regular,LAC,L,104,130,27,6-16,6,16,37.5,1-8,1,8,12.5,1-2,1,2,50,4,3,1,2,1,2,14,11/3/2021
2020-2021,Regular,POR,L,106,108,36,13-28,13,28,46.4,5-14,5,14,35.7,4-5,4,5,80,7,5,0,3,1,4,35,3/3/2021
2020-2021,Regular,LAL,L,91,117,26,5-13,5,13,38.5,2-7,2,7,28.6,4-5,4,5,80,4,7,0,3,2,3,16,28/2/2021
2020-2021,Regular,CHA,W,130,121,36,8-15,8,15,53.3,3-8,3,8,37.5,10-10,10,10,100,4,9,0,1,1,4,29,26/2/2021
2020-2021,Regular,IND,W,111,107,36,7-21,7,21,33.3,1-11,1,11,9.1,9-10,9,10,90,8,8,0,2,2,4,24,24/2/2021
2020-2021,Regular,NYK,W,114,106,37,9-22,9,22,40.9,7-14,7,14,50,12-12,12,12,100,6,6,0,2,1,2,37,23/2/2021
2020-2021,Regular,ORL,L,120,124,37,11-29,11,29,37.9,6-16,6,16,37.5,1-1,1,1,100,7,11,0,0,3,1,29,19/2/2021
2020-2021,Regular,MIA,W,120,112,42,8-25,8,25,32,5-20,5,20,25,4-4,4,4,100,7,11,0,2,1,3,25,17/2/2021
2020-2021,Regular,CLE,W,129,98,30,13-19,13,19,68.4,7-11,7,11,63.6,3-3,3,3,100,2,6,0,0,0,1,36,15/2/2021
2020-2021,Regular,BKN,L,117,134,34,10-17,10,17,58.8,2-9,2,9,22.2,5-5,5,5,100,3,5,0,0,2,4,27,13/2/2021
2020-2021,Regular,ORL,W,111,105,37,14-26,14,26,53.8,10-19,10,19,52.6,2-2,2,2,100,8,5,0,4,1,6,40,11/2/2021
2020-2021,Regular,SAS,W,114,91,32,11-20,11,20,55,4-10,4,10,40,6-8,6,8,75,4,2,0,0,1,1,32,9/2/2021
2020-2021,Regular,SAS,L,100,105,36,10-17,10,17,58.8,6-11,6,11,54.5,6-6,6,6,100,7,6,0,1,1,1,32,8/2/2021
2020-2021,Regular,DAL,L,132,134,37,19-31,19,31,61.3,11-19,11,19,57.9,8-8,8,8,100,2,5,0,1,3,3,57,6/2/2021
2020-2021,Regular,DAL,W,147,116,30,9-17,9,17,52.9,4-10,4,10,40,6-6,6,6,100,3,6,0,0,2,2,28,4/2/2021
2020-2021,Regular,BOS,L,107,111,38,12-21,12,21,57.1,7-14,7,14,50,7-7,7,7,100,11,8,0,3,0,3,38,2/2/2021
2020-2021,Regular,DET,W,118,91,30,11-17,11,17,64.7,6-8,6,8,75,0-0,0,0,0,5,7,0,2,1,6,28,30/1/2021
2020-2021,Regular,PHX,L,93,114,31,10-20,10,20,50,5-10,5,10,50,2-2,2,2,100,4,4,0,0,2,4,27,28/1/2021
2020-2021,Regular,MIN,W,123,111,33,6-17,6,17,35.3,4-11,4,11,36.4,0-0,0,0,0,6,8,0,0,2,2,16,27/1/2021
2020-2021,Regular,MIN,W,130,108,34,11-21,11,21,52.4,7-12,7,12,58.3,7-8,7,8,87.5,4,3,0,3,2,3,36,25/1/2021
2020-2021,Regular,UTA,L,108,127,27,9-18,9,18,50,5-10,5,10,50,1-2,1,2,50,7,7,0,0,2,1,24,23/1/2021
2020-2021,Regular,NYK,L,104,119,35,9-19,9,19,47.4,5-14,5,14,35.7,7-8,7,8,87.5,3,4,0,2,3,4,30,21/1/2021
2020-2021,Regular,SAS,W,121,99,31,10-17,10,17,58.8,4-8,4,8,50,2-2,2,2,100,11,7,0,1,2,4,26,20/1/2021
2020-2021,Regular,LAL,W,115,113,36,8-22,8,22,36.4,3-12,3,12,25,7-7,7,7,100,1,7,0,1,2,4,26,18/1/2021
2020-2021,Regular,DEN,L,104,114,37,14-23,14,23,60.9,5-11,5,11,45.5,2-2,2,2,100,11,4,0,2,2,7,35,14/1/2021
2020-2021,Regular,IND,L,95,104,36,7-17,7,17,41.2,3-8,3,8,37.5,3-5,3,5,60,4,3,0,2,3,2,20,12/1/2021
2020-2021,Regular,TOR,W,106,105,38,2-16,2,16,12.5,1-10,1,10,10,6-6,6,6,100,9,6,0,0,3,5,11,10/1/2021
2020-2021,Regular,LAC,W,115,105,36,13-24,13,24,54.2,9-14,9,14,64.3,3-3,3,3,100,2,11,0,3,3,2,38,8/1/2021
2020-2021,Regular,LAC,L,101,108,35,5-17,5,17,29.4,1-6,1,6,16.7,2-4,2,4,50,4,5,0,1,3,0,13,6/1/2021
2020-2021,Regular,SAC,W,137,106,31,9-18,9,18,50,5-12,5,12,41.7,7-7,7,7,100,9,8,0,0,3,2,30,4/1/2021
2020-2021,Regular,POR,W,137,122,36,18-31,18,31,58.1,8-16,8,16,50,18-19,18,19,94.7,5,4,0,0,0,5,62,3/1/2021
2020-2021,Regular,POR,L,98,123,34,9-20,9,20,45,4-12,4,12,33.3,4-4,4,4,100,8,5,0,0,1,1,26,1/1/2021
2020-2021,Regular,DET,W,116,106,35,9-17,9,17,52.9,5-9,5,9,55.6,8-8,8,8,100,5,6,0,2,5,8,31,29/12/2020
2020-2021,Regular,CHI,W,129,128,36,11-25,11,25,44,5-15,5,15,33.3,9-9,9,9,100,2,6,2,2,1,4,36,27/12/2020
2020-2021,Regular,MIL,L,99,138,29,6-17,6,17,35.3,2-10,2,10,20,5-5,5,5,100,4,6,0,1,2,2,19,25/12/2020
2020-2021,Regular,BKN,L,99,125,30,7-21,7,21,33.3,2-10,2,10,20,4-4,4,4,100,4,10,0,2,1,3,20,22/12/2020
2020-2021,Regular,MEM,L,112,117,47,13-28,13,28,46.4,6-15,6,15,40,7-7,7,7,100,4,5,0,3,5,7,39,21/5/
2020-2021,Regular,LAL,L,100,103,41,12-23,12,23,52.2,6-9,6,9,66.7,7-8,7,8,87.5,7,3,0,0,2,6,37,19/5/
2020-2021,Regular,SAC,W,113,105,29,9-23,9,23,39.1,6-13,6,13,46.2,5-5,5,5,100,6,3,0,2,2,1,29,17/12/2020
2020-2021,Regular,SAC,L,113,114,28,11-21,11,21,52.4,5-13,5,13,38.5,2-3,2,3,66.7,4,4,1,3,0,4,29,15/12/2020
2020-2021,Regular,DEN,W,107,105,21,3-10,3,10,30,2-7,2,7,28.6,2-2,2,2,100,1,3,0,2,1,3,10,12/12/2020
